contact_id,loan_id,customer_id,contact_date,collector_id,channel_code,contact_direction,contact_outcome,is_rpc_flag,call_duration_seconds,complaint_flag,source_system,is_corrupt_record
CTC-60000072,LN-500145,CUST-105191,2025-04-24,COL-1011,OUTBOUND_CALL,Outbound,Right Party Contact,True,612.0,False,CALL_CENTER,False
CTC-60000384,LN-500713,CUST-104956,2025-04-24,COL-1025,OUTBOUND_CALL,Outbound,No Answer,False,41.0,False,CALL_CENTER,False
CTC-60000470,LN-500847,CUST-106919,2025-04-24,COL-1078,OUTBOUND_CALL,Outbound,No Answer,False,43.0,False,CALL_CENTER,False
CTC-60000487,LN-500884,CUST-105791,2025-04-24,COL-1079,OUTBOUND_CALL,Outbound,Right Party Contact,True,254.0,False,CALL_CENTER,False
CTC-60000534,LN-500936,CUST-100373,2025-04-24,COL-1111,OUTBOUND_CALL,Outbound,No Answer,False,27.0,False,CALL_CENTER,False
CTC-60000878,LN-501719,CUST-105415,2025-04-24,COL-1100,OUTBOUND_CALL,Outbound,Voicemail,False,9.0,False,CALL_CENTER,False
CTC-60002002,LN-503926,CUST-106626,2025-04-24,COL-1100,OUTBOUND_CALL,Outbound,Right Party Contact,True,426.0,False,CALL_CENTER,False
CTC-60002434,LN-504797,CUST-103219,2025-04-24,COL-1088,OUTBOUND_CALL,Outbound,No Answer,False,11.0,False,CALL_CENTER,False
CTC-60002873,LN-505706,CUST-103305,2025-04-24,COL-1088,OUTBOUND_CALL,Outbound,Right Party Contact,True,520.0,False,CALL_CENTER,False
CTC-60003598,LN-507107,CUST-106712,2025-04-24,COL-1088,OUTBOUND_CALL,Outbound,No Answer,False,5.0,False,CALL_CENTER,False
CTC-60003647,LN-507230,CUST-101047,2025-04-24,COL-1070,OUTBOUND_CALL,Outbound,No Answer,False,10.0,False,CALL_CENTER,False
CTC-60003864,LN-507655,CUST-105060,2025-04-24,COL-1111,OUTBOUND_CALL,Outbound,Right Party Contact,True,72.0,False,CALL_CENTER,False
CTC-60005022,LN-509943,CUST-104610,2025-04-24,COL-1088,OUTBOUND_CALL,Outbound,Voicemail,False,32.0,False,CALL_CENTER,False
CTC-60005255,LN-500428,CUST-104328,2025-04-24,COL-1069,OUTBOUND_CALL,Outbound,No Answer,False,20.0,False,CALL_CENTER,False
CTC-60005600,LN-501397,CUST-100176,2025-04-24,COL-1043,OUTBOUND_CALL,Outbound,No Answer,False,43.0,False,CALL_CENTER,False
CTC-60005812,LN-501869,CUST-100950,2025-04-24,COL-1028,OUTBOUND_CALL,Outbound,Voicemail,False,5.0,False,CALL_CENTER,False
CTC-60007725,LN-507309,CUST-103592,2025-04-24,COL-1065,OUTBOUND_CALL,Outbound,Right Party Contact,True,82.0,False,CALL_CENTER,False
CTC-60007953,LN-507874,CUST-106332,2025-04-24,COL-1054,OUTBOUND_CALL,Outbound,Right Party Contact,True,583.0,False,CALL_CENTER,False
CTC-60008419,LN-509058,CUST-106354,2025-04-24,COL-1105,OUTBOUND_CALL,Outbound,Busy,False,23.0,False,CALL_CENTER,False
CTC-60009302,LN-501633,CUST-101927,2025-04-24,COL-1077,OUTBOUND_CALL,Outbound,Right Party Contact,True,580.0,False,CALL_CENTER,False
CTC-60009731,LN-502987,CUST-106714,2025-04-24,COL-1117,OUTBOUND_CALL,Outbound,Busy,False,12.0,False,CALL_CENTER,False
CTC-60010048,LN-503956,CUST-103891,2025-04-24,COL-1085,OUTBOUND_CALL,Outbound,Right Party Contact,True,685.0,False,CALL_CENTER,False
CTC-60010499,LN-505356,CUST-104726,2025-04-24,COL-1086,OUTBOUND_CALL,Outbound,Right Party Contact,True,578.0,False,CALL_CENTER,False
CTC-60011453,LN-508734,CUST-107193,2025-04-24,COL-1037,OUTBOUND_CALL,Outbound,Right Party Contact,True,625.0,False,CALL_CENTER,False
CTC-60011586,LN-509254,CUST-101098,2025-04-24,COL-1086,OUTBOUND_CALL,Outbound,Right Party Contact,True,477.0,False,CALL_CENTER,False
CTC-60011811,LN-509918,CUST-102766,2025-04-24,COL-1026,OUTBOUND_CALL,Outbound,Right Party Contact,True,238.0,False,CALL_CENTER,False
CTC-60011971,LN-500285,CUST-105329,2025-04-24,COL-1006,OUTBOUND_CALL,Outbound,Right Party Contact,True,90.0,False,CALL_CENTER,False
CTC-60012609,LN-501590,CUST-101716,2025-04-24,COL-1075,OUTBOUND_CALL,Outbound,Right Party Contact,True,357.0,False,CALL_CENTER,False
CTC-60014566,LN-504906,CUST-107996,2025-04-24,COL-1092,OUTBOUND_CALL,Outbound,No Answer,False,38.0,False,CALL_CENTER,False
CTC-60014812,LN-505226,CUST-105039,2025-04-24,COL-1017,OUTBOUND_CALL,Outbound,Wrong Party,False,36.0,False,CALL_CENTER,False
CTC-60016402,LN-507929,CUST-100155,2025-04-24,COL-1109,OUTBOUND_CALL,Outbound,Right Party Contact,True,123.0,False,CALL_CENTER,False
CTC-60016609,LN-508174,CUST-106298,2025-04-24,COL-1083,OUTBOUND_CALL,Outbound,Voicemail,False,15.0,False,CALL_CENTER,False
CTC-60016769,LN-508288,CUST-102252,2025-04-24,COL-1006,OUTBOUND_CALL,Outbound,Voicemail,False,18.0,False,CALL_CENTER,False
CTC-60017254,LN-509157,CUST-100866,2025-04-24,COL-1118,OUTBOUND_CALL,Outbound,No Answer,False,20.0,False,CALL_CENTER,False
CTC-60017354,LN-509315,CUST-105081,2025-04-24,COL-1075,OUTBOUND_CALL,Outbound,Voicemail,False,25.0,False,CALL_CENTER,False
CTC-60017749,LN-509980,CUST-104944,2025-04-24,COL-1106,OUTBOUND_CALL,Outbound,Voicemail,False,14.0,False,CALL_CENTER,False
