loan_id,customer_id,applicant_role
LN-500001,CUST-106096,Co-Applicant
LN-500003,CUST-105480,Co-Applicant
LN-500007,CUST-103176,Co-Applicant
LN-500011,CUST-101036,Co-Applicant
LN-500015,CUST-106588,Co-Applicant
LN-500018,CUST-104669,Co-Applicant
LN-500023,CUST-104400,Co-Applicant
LN-500038,CUST-101515,Co-Applicant
LN-500045,CUST-104506,Co-Applicant
LN-500050,CUST-100478,Co-Applicant
LN-500060,CUST-102869,Co-Applicant
LN-500072,CUST-107930,Co-Applicant
LN-500073,CUST-106747,Co-Applicant
LN-500076,CUST-101271,Co-Applicant
LN-500077,CUST-105203,Co-Applicant
LN-500079,CUST-101957,Co-Applicant
LN-500102,CUST-101796,Co-Applicant
LN-500103,CUST-106240,Co-Applicant
LN-500110,CUST-106741,Co-Applicant
LN-500113,CUST-107377,Co-Applicant
LN-500115,CUST-102674,Co-Applicant
LN-500119,CUST-106810,Co-Applicant
LN-500126,CUST-105562,Co-Applicant
LN-500142,CUST-100610,Co-Applicant
LN-500143,CUST-101998,Co-Applicant
LN-500151,CUST-107595,Co-Applicant
LN-500161,CUST-102316,Co-Applicant
LN-500177,CUST-103558,Co-Applicant
LN-500184,CUST-106120,Co-Applicant
LN-500189,CUST-102955,Co-Applicant
LN-500199,CUST-103138,Co-Applicant
LN-500206,CUST-104442,Co-Applicant
LN-500207,CUST-104735,Co-Applicant
LN-500218,CUST-104278,Co-Applicant
LN-500220,CUST-102962,Co-Applicant
LN-500230,CUST-105406,Co-Applicant
LN-500260,CUST-106177,Co-Applicant
LN-500263,CUST-103957,Co-Applicant
LN-500265,CUST-101491,Co-Applicant
LN-500268,CUST-104079,Co-Applicant
LN-500271,CUST-101018,Co-Applicant
LN-500277,CUST-104186,Co-Applicant
LN-500290,CUST-103802,Co-Applicant
LN-500295,CUST-107731,Co-Applicant
LN-500296,CUST-101290,Co-Applicant
LN-500328,CUST-101804,Co-Applicant
LN-500330,CUST-104993,Co-Applicant
LN-500333,CUST-101515,Co-Applicant
LN-500334,CUST-102568,Co-Applicant
LN-500345,CUST-107591,Co-Applicant
LN-500358,CUST-105390,Co-Applicant
LN-500387,CUST-103740,Co-Applicant
LN-500394,CUST-102098,Co-Applicant
LN-500404,CUST-104460,Co-Applicant
LN-500409,CUST-102377,Co-Applicant
LN-500410,CUST-106700,Co-Applicant
LN-500413,CUST-107353,Co-Applicant
LN-500416,CUST-101328,Co-Applicant
LN-500421,CUST-106992,Co-Applicant
LN-500430,CUST-104802,Co-Applicant
LN-500434,CUST-100992,Co-Applicant
LN-500435,CUST-103724,Co-Applicant
LN-500437,CUST-105415,Co-Applicant
LN-500438,CUST-103496,Co-Applicant
LN-500445,CUST-107058,Co-Applicant
LN-500450,CUST-100575,Co-Applicant
LN-500451,CUST-103351,Co-Applicant
LN-500467,CUST-101819,Co-Applicant
LN-500470,CUST-104587,Co-Applicant
LN-500490,CUST-107165,Co-Applicant
LN-500491,CUST-106035,Co-Applicant
LN-500501,CUST-107965,Co-Applicant
LN-500506,CUST-102925,Co-Applicant
LN-500511,CUST-106766,Co-Applicant
LN-500516,CUST-103927,Co-Applicant
LN-500535,CUST-103382,Co-Applicant
LN-500536,CUST-101202,Co-Applicant
LN-500537,CUST-102197,Co-Applicant
LN-500541,CUST-106657,Co-Applicant
LN-500543,CUST-105425,Co-Applicant
LN-500547,CUST-107813,Co-Applicant
LN-500549,CUST-105308,Co-Applicant
LN-500553,CUST-107574,Co-Applicant
LN-500560,CUST-100353,Co-Applicant
LN-500573,CUST-103006,Co-Applicant
LN-500575,CUST-103095,Co-Applicant
LN-500576,CUST-107331,Co-Applicant
LN-500582,CUST-105728,Co-Applicant
LN-500587,CUST-104940,Co-Applicant
LN-500595,CUST-102067,Co-Applicant
LN-500600,CUST-100164,Co-Applicant
LN-500605,CUST-101366,Co-Applicant
LN-500607,CUST-106066,Co-Applicant
LN-500613,CUST-104453,Co-Applicant
LN-500614,CUST-105412,Co-Applicant
LN-500618,CUST-102726,Co-Applicant
LN-500619,CUST-107851,Co-Applicant
LN-500628,CUST-104934,Co-Applicant
LN-500632,CUST-104067,Co-Applicant
LN-500645,CUST-102414,Co-Applicant
LN-500651,CUST-105937,Co-Applicant
LN-500667,CUST-105550,Co-Applicant
LN-500671,CUST-100545,Co-Applicant
LN-500673,CUST-101934,Co-Applicant
LN-500682,CUST-107794,Co-Applicant
LN-500683,CUST-105678,Co-Applicant
LN-500689,CUST-101177,Co-Applicant
LN-500701,CUST-102654,Co-Applicant
LN-500709,CUST-100394,Co-Applicant
LN-500711,CUST-103499,Co-Applicant
LN-500715,CUST-107972,Co-Applicant
LN-500717,CUST-105224,Co-Applicant
LN-500721,CUST-100114,Co-Applicant
LN-500723,CUST-103068,Co-Applicant
LN-500747,CUST-105945,Co-Applicant
LN-500749,CUST-105133,Co-Applicant
LN-500758,CUST-100449,Co-Applicant
LN-500760,CUST-106813,Co-Applicant
LN-500775,CUST-104562,Co-Applicant
LN-500781,CUST-106092,Co-Applicant
LN-500789,CUST-102781,Co-Applicant
LN-500794,CUST-104547,Co-Applicant
LN-500795,CUST-101128,Co-Applicant
LN-500797,CUST-105208,Co-Applicant
LN-500809,CUST-100185,Co-Applicant
LN-500810,CUST-105808,Co-Applicant
LN-500815,CUST-106890,Co-Applicant
LN-500817,CUST-102236,Co-Applicant
LN-500831,CUST-104018,Co-Applicant
LN-500839,CUST-102974,Co-Applicant
LN-500841,CUST-105535,Co-Applicant
LN-500844,CUST-102806,Co-Applicant
LN-500849,CUST-102925,Co-Applicant
LN-500857,CUST-103492,Co-Applicant
LN-500865,CUST-102229,Co-Applicant
LN-500873,CUST-103951,Co-Applicant
LN-500874,CUST-101492,Co-Applicant
LN-500875,CUST-101221,Co-Applicant
LN-500880,CUST-104122,Co-Applicant
LN-500899,CUST-100341,Co-Applicant
LN-500900,CUST-101256,Co-Applicant
LN-500911,CUST-107710,Co-Applicant
LN-500923,CUST-104786,Co-Applicant
LN-500929,CUST-106329,Co-Applicant
LN-500932,CUST-103249,Co-Applicant
LN-500946,CUST-102429,Co-Applicant
LN-500948,CUST-101337,Co-Applicant
LN-500950,CUST-103050,Co-Applicant
LN-500953,CUST-100634,Co-Applicant
LN-500961,CUST-103332,Co-Applicant
LN-500964,CUST-107918,Co-Applicant
LN-500970,CUST-107755,Co-Applicant
LN-500971,CUST-103212,Co-Applicant
LN-500973,CUST-105988,Co-Applicant
LN-500986,CUST-103708,Co-Applicant
LN-500990,CUST-103091,Co-Applicant
LN-500998,CUST-105809,Co-Applicant
LN-501011,CUST-102474,Co-Applicant
LN-501020,CUST-104335,Co-Applicant
LN-501021,CUST-104567,Co-Applicant
LN-501035,CUST-101014,Co-Applicant
LN-501052,CUST-105288,Co-Applicant
LN-501056,CUST-105683,Co-Applicant
LN-501060,CUST-104709,Co-Applicant
LN-501063,CUST-101381,Co-Applicant
LN-501071,CUST-101753,Co-Applicant
LN-501074,CUST-107570,Co-Applicant
LN-501075,CUST-104573,Co-Applicant
LN-501080,CUST-104174,Co-Applicant
LN-501081,CUST-105351,Co-Applicant
LN-501084,CUST-105349,Co-Applicant
LN-501086,CUST-101832,Co-Applicant
LN-501095,CUST-104354,Co-Applicant
LN-501096,CUST-101613,Co-Applicant
LN-501107,CUST-104059,Co-Applicant
LN-501136,CUST-105413,Co-Applicant
LN-501139,CUST-107117,Co-Applicant
LN-501152,CUST-106737,Co-Applicant
LN-501167,CUST-102592,Co-Applicant
LN-501189,CUST-102245,Co-Applicant
LN-501191,CUST-105431,Co-Applicant
LN-501196,CUST-105178,Co-Applicant
LN-501205,CUST-107663,Co-Applicant
LN-501210,CUST-103109,Co-Applicant
LN-501211,CUST-102045,Co-Applicant
LN-501213,CUST-103808,Co-Applicant
LN-501226,CUST-104508,Co-Applicant
LN-501241,CUST-106927,Co-Applicant
LN-501248,CUST-100843,Co-Applicant
LN-501253,CUST-101028,Co-Applicant
LN-501257,CUST-101328,Co-Applicant
LN-501259,CUST-107729,Co-Applicant
LN-501260,CUST-103766,Co-Applicant
LN-501265,CUST-107105,Co-Applicant
LN-501273,CUST-101335,Co-Applicant
LN-501278,CUST-100038,Co-Applicant
LN-501279,CUST-106438,Co-Applicant
LN-501299,CUST-103542,Co-Applicant
LN-501313,CUST-104082,Co-Applicant
LN-501314,CUST-105699,Co-Applicant
LN-501318,CUST-101545,Co-Applicant
LN-501338,CUST-106470,Co-Applicant
LN-501339,CUST-101086,Co-Applicant
LN-501346,CUST-101228,Co-Applicant
LN-501359,CUST-104380,Co-Applicant
LN-501362,CUST-103412,Co-Applicant
LN-501364,CUST-103683,Co-Applicant
LN-501365,CUST-106079,Co-Applicant
LN-501373,CUST-107619,Co-Applicant
LN-501374,CUST-107566,Co-Applicant
LN-501378,CUST-102353,Co-Applicant
LN-501379,CUST-103552,Co-Applicant
LN-501383,CUST-103848,Co-Applicant
LN-501387,CUST-105898,Co-Applicant
LN-501409,CUST-101643,Co-Applicant
LN-501411,CUST-103109,Co-Applicant
LN-501413,CUST-102971,Co-Applicant
LN-501425,CUST-106098,Co-Applicant
LN-501433,CUST-105262,Co-Applicant
LN-501442,CUST-105822,Co-Applicant
LN-501444,CUST-105628,Co-Applicant
LN-501446,CUST-103848,Co-Applicant
LN-501450,CUST-107770,Co-Applicant
LN-501461,CUST-105163,Co-Applicant
LN-501463,CUST-104851,Co-Applicant
LN-501482,CUST-103730,Co-Applicant
LN-501483,CUST-102015,Co-Applicant
LN-501488,CUST-105225,Co-Applicant
LN-501493,CUST-100495,Co-Applicant
LN-501503,CUST-107213,Co-Applicant
LN-501512,CUST-104079,Co-Applicant
LN-501515,CUST-101713,Co-Applicant
LN-501519,CUST-102683,Co-Applicant
LN-501524,CUST-105587,Co-Applicant
LN-501543,CUST-100427,Co-Applicant
LN-501545,CUST-105054,Co-Applicant
LN-501551,CUST-104989,Co-Applicant
LN-501570,CUST-102394,Co-Applicant
LN-501575,CUST-104014,Co-Applicant
LN-501576,CUST-103481,Co-Applicant
LN-501579,CUST-103582,Co-Applicant
LN-501581,CUST-103826,Co-Applicant
LN-501590,CUST-100376,Co-Applicant
LN-501596,CUST-101849,Co-Applicant
LN-501605,CUST-107561,Co-Applicant
LN-501613,CUST-103338,Co-Applicant
LN-501618,CUST-100673,Co-Applicant
LN-501621,CUST-105516,Co-Applicant
LN-501629,CUST-101418,Co-Applicant
LN-501633,CUST-100386,Co-Applicant
LN-501634,CUST-103973,Co-Applicant
LN-501639,CUST-102491,Co-Applicant
LN-501641,CUST-102440,Co-Applicant
LN-501651,CUST-105346,Co-Applicant
LN-501672,CUST-104544,Co-Applicant
LN-501673,CUST-107596,Co-Applicant
LN-501674,CUST-105123,Co-Applicant
LN-501685,CUST-105464,Co-Applicant
LN-501689,CUST-106905,Co-Applicant
LN-501692,CUST-102861,Co-Applicant
LN-501707,CUST-106506,Co-Applicant
LN-501714,CUST-103724,Co-Applicant
LN-501720,CUST-106075,Co-Applicant
LN-501721,CUST-102419,Co-Applicant
LN-501747,CUST-106941,Co-Applicant
LN-501750,CUST-106083,Co-Applicant
LN-501752,CUST-103135,Co-Applicant
LN-501760,CUST-107990,Co-Applicant
LN-501762,CUST-104292,Co-Applicant
LN-501771,CUST-105743,Co-Applicant
LN-501780,CUST-107180,Co-Applicant
LN-501784,CUST-105749,Co-Applicant
LN-501796,CUST-100135,Co-Applicant
LN-501800,CUST-104278,Co-Applicant
LN-501807,CUST-104377,Co-Applicant
LN-501809,CUST-102838,Co-Applicant
LN-501819,CUST-104288,Co-Applicant
LN-501822,CUST-101648,Co-Applicant
LN-501831,CUST-100844,Co-Applicant
LN-501838,CUST-105016,Co-Applicant
LN-501847,CUST-104110,Co-Applicant
LN-501848,CUST-104864,Co-Applicant
LN-501851,CUST-104760,Co-Applicant
LN-501857,CUST-106487,Co-Applicant
LN-501860,CUST-101361,Co-Applicant
LN-501865,CUST-105844,Co-Applicant
LN-501872,CUST-106230,Co-Applicant
LN-501877,CUST-102636,Co-Applicant
LN-501889,CUST-100072,Co-Applicant
LN-501895,CUST-100210,Co-Applicant
LN-501897,CUST-103248,Co-Applicant
LN-501907,CUST-100157,Co-Applicant
LN-501917,CUST-107112,Co-Applicant
LN-501921,CUST-104923,Co-Applicant
LN-501949,CUST-106237,Co-Applicant
LN-501959,CUST-105261,Co-Applicant
LN-501978,CUST-103356,Co-Applicant
LN-501986,CUST-102118,Co-Applicant
LN-501993,CUST-100619,Co-Applicant
LN-501995,CUST-107764,Co-Applicant
LN-501999,CUST-104496,Co-Applicant
LN-502004,CUST-103549,Co-Applicant
LN-502019,CUST-105119,Co-Applicant
LN-502025,CUST-100870,Co-Applicant
LN-502026,CUST-101666,Co-Applicant
LN-502041,CUST-105752,Co-Applicant
LN-502042,CUST-102929,Co-Applicant
LN-502045,CUST-104691,Co-Applicant
LN-502060,CUST-104502,Co-Applicant
LN-502071,CUST-106643,Co-Applicant
LN-502074,CUST-105543,Co-Applicant
LN-502075,CUST-102421,Co-Applicant
LN-502076,CUST-107361,Co-Applicant
LN-502081,CUST-101060,Co-Applicant
LN-502085,CUST-100002,Co-Applicant
LN-502090,CUST-101593,Co-Applicant
LN-502095,CUST-101367,Co-Applicant
LN-502105,CUST-100896,Co-Applicant
LN-502111,CUST-106823,Co-Applicant
LN-502119,CUST-105509,Co-Applicant
LN-502123,CUST-101388,Co-Applicant
LN-502128,CUST-100081,Co-Applicant
LN-502137,CUST-105222,Co-Applicant
LN-502140,CUST-102221,Co-Applicant
LN-502142,CUST-107790,Co-Applicant
LN-502143,CUST-102019,Co-Applicant
LN-502145,CUST-105842,Co-Applicant
LN-502146,CUST-102982,Co-Applicant
LN-502155,CUST-101360,Co-Applicant
LN-502158,CUST-101442,Co-Applicant
LN-502169,CUST-104970,Co-Applicant
LN-502175,CUST-102066,Co-Applicant
LN-502184,CUST-101840,Co-Applicant
LN-502189,CUST-105375,Co-Applicant
LN-502191,CUST-103816,Co-Applicant
LN-502198,CUST-101635,Co-Applicant
LN-502236,CUST-101345,Co-Applicant
LN-502239,CUST-102775,Co-Applicant
LN-502247,CUST-105041,Co-Applicant
LN-502253,CUST-103014,Co-Applicant
LN-502256,CUST-106869,Co-Applicant
LN-502257,CUST-104082,Co-Applicant
LN-502264,CUST-101142,Co-Applicant
LN-502274,CUST-105612,Co-Applicant
LN-502275,CUST-105469,Co-Applicant
LN-502282,CUST-105992,Co-Applicant
LN-502283,CUST-106164,Co-Applicant
LN-502295,CUST-107502,Co-Applicant
LN-502298,CUST-103863,Co-Applicant
LN-502309,CUST-100376,Co-Applicant
LN-502316,CUST-105647,Co-Applicant
LN-502318,CUST-100380,Co-Applicant
LN-502324,CUST-105194,Co-Applicant
LN-502348,CUST-107295,Co-Applicant
LN-502352,CUST-106070,Co-Applicant
LN-502354,CUST-105285,Co-Applicant
LN-502355,CUST-100965,Co-Applicant
LN-502360,CUST-105553,Co-Applicant
LN-502365,CUST-106989,Co-Applicant
LN-502374,CUST-106685,Co-Applicant
LN-502376,CUST-103251,Co-Applicant
LN-502377,CUST-107364,Co-Applicant
LN-502380,CUST-102487,Co-Applicant
LN-502383,CUST-101350,Co-Applicant
LN-502385,CUST-107045,Co-Applicant
LN-502390,CUST-106090,Co-Applicant
LN-502400,CUST-103201,Co-Applicant
LN-502412,CUST-102228,Co-Applicant
LN-502426,CUST-100450,Co-Applicant
LN-502435,CUST-107140,Co-Applicant
LN-502446,CUST-100402,Co-Applicant
LN-502447,CUST-102791,Co-Applicant
LN-502448,CUST-101287,Co-Applicant
LN-502453,CUST-100644,Co-Applicant
LN-502464,CUST-102845,Co-Applicant
LN-502476,CUST-100877,Co-Applicant
LN-502477,CUST-102790,Co-Applicant
LN-502486,CUST-106900,Co-Applicant
LN-502505,CUST-101664,Co-Applicant
LN-502513,CUST-101878,Co-Applicant
LN-502518,CUST-104811,Co-Applicant
LN-502521,CUST-107803,Co-Applicant
LN-502531,CUST-100500,Co-Applicant
LN-502540,CUST-103286,Co-Applicant
LN-502546,CUST-104519,Co-Applicant
LN-502570,CUST-100359,Co-Applicant
LN-502583,CUST-101940,Co-Applicant
LN-502594,CUST-102851,Co-Applicant
LN-502596,CUST-101902,Co-Applicant
LN-502597,CUST-105173,Co-Applicant
LN-502605,CUST-105528,Co-Applicant
LN-502616,CUST-103330,Co-Applicant
LN-502620,CUST-107139,Co-Applicant
LN-502627,CUST-107447,Co-Applicant
LN-502630,CUST-104742,Co-Applicant
LN-502641,CUST-107904,Co-Applicant
LN-502647,CUST-101271,Co-Applicant
LN-502648,CUST-102385,Co-Applicant
LN-502668,CUST-100845,Co-Applicant
LN-502677,CUST-101921,Co-Applicant
LN-502699,CUST-107136,Co-Applicant
LN-502705,CUST-104210,Co-Applicant
LN-502715,CUST-104985,Co-Applicant
LN-502734,CUST-100432,Co-Applicant
LN-502738,CUST-101726,Co-Applicant
LN-502739,CUST-102389,Co-Applicant
LN-502748,CUST-104132,Co-Applicant
LN-502750,CUST-103141,Co-Applicant
LN-502752,CUST-105028,Co-Applicant
LN-502755,CUST-102516,Co-Applicant
LN-502767,CUST-104696,Co-Applicant
LN-502768,CUST-102161,Co-Applicant
LN-502776,CUST-105652,Co-Applicant
LN-502784,CUST-101084,Co-Applicant
LN-502785,CUST-104952,Co-Applicant
LN-502787,CUST-100424,Co-Applicant
LN-502795,CUST-102334,Co-Applicant
LN-502819,CUST-105561,Co-Applicant
LN-502833,CUST-100646,Co-Applicant
LN-502851,CUST-100604,Co-Applicant
LN-502883,CUST-105175,Co-Applicant
LN-502884,CUST-100281,Co-Applicant
LN-502889,CUST-105426,Co-Applicant
LN-502891,CUST-106909,Co-Applicant
LN-502896,CUST-102672,Co-Applicant
LN-502901,CUST-101902,Co-Applicant
LN-502902,CUST-106476,Co-Applicant
LN-502908,CUST-101431,Co-Applicant
LN-502923,CUST-100199,Co-Applicant
LN-502928,CUST-100490,Co-Applicant
LN-502933,CUST-104153,Co-Applicant
LN-502940,CUST-104279,Co-Applicant
LN-502948,CUST-107800,Co-Applicant
LN-502955,CUST-107091,Co-Applicant
LN-502960,CUST-100198,Co-Applicant
LN-502967,CUST-107356,Co-Applicant
LN-502973,CUST-102117,Co-Applicant
LN-502985,CUST-107490,Co-Applicant
LN-502988,CUST-104388,Co-Applicant
LN-502993,CUST-105319,Co-Applicant
LN-502996,CUST-105068,Co-Applicant
LN-503000,CUST-107097,Co-Applicant
LN-503008,CUST-100785,Co-Applicant
LN-503014,CUST-107634,Co-Applicant
LN-503019,CUST-103116,Co-Applicant
LN-503036,CUST-107782,Co-Applicant
LN-503051,CUST-101294,Co-Applicant
LN-503053,CUST-107657,Co-Applicant
LN-503055,CUST-101113,Co-Applicant
LN-503082,CUST-101266,Co-Applicant
LN-503083,CUST-100113,Co-Applicant
LN-503088,CUST-105649,Co-Applicant
LN-503112,CUST-102554,Co-Applicant
LN-503115,CUST-102481,Co-Applicant
LN-503117,CUST-104384,Co-Applicant
LN-503118,CUST-100780,Co-Applicant
LN-503124,CUST-107307,Co-Applicant
LN-503134,CUST-106833,Co-Applicant
LN-503138,CUST-106386,Co-Applicant
LN-503141,CUST-106060,Co-Applicant
LN-503145,CUST-104095,Co-Applicant
LN-503147,CUST-105818,Co-Applicant
LN-503148,CUST-104193,Co-Applicant
LN-503150,CUST-103807,Co-Applicant
LN-503158,CUST-105356,Co-Applicant
LN-503173,CUST-103734,Co-Applicant
LN-503179,CUST-104362,Co-Applicant
LN-503180,CUST-103242,Co-Applicant
LN-503185,CUST-100123,Co-Applicant
LN-503187,CUST-100650,Co-Applicant
LN-503189,CUST-107705,Co-Applicant
LN-503214,CUST-103590,Co-Applicant
LN-503217,CUST-103535,Co-Applicant
LN-503238,CUST-106138,Co-Applicant
LN-503246,CUST-105462,Co-Applicant
LN-503253,CUST-102049,Co-Applicant
LN-503261,CUST-107445,Co-Applicant
LN-503268,CUST-104474,Co-Applicant
LN-503276,CUST-107173,Co-Applicant
LN-503280,CUST-106374,Co-Applicant
LN-503283,CUST-100111,Co-Applicant
LN-503284,CUST-105459,Co-Applicant
LN-503288,CUST-105793,Co-Applicant
LN-503290,CUST-100276,Co-Applicant
LN-503305,CUST-102412,Co-Applicant
LN-503309,CUST-106794,Co-Applicant
LN-503313,CUST-100341,Co-Applicant
LN-503324,CUST-103396,Co-Applicant
LN-503327,CUST-100338,Co-Applicant
LN-503330,CUST-100215,Co-Applicant
LN-503338,CUST-107549,Co-Applicant
LN-503349,CUST-103424,Co-Applicant
LN-503353,CUST-104447,Co-Applicant
LN-503365,CUST-102724,Co-Applicant
LN-503367,CUST-101033,Co-Applicant
LN-503369,CUST-101237,Co-Applicant
LN-503375,CUST-100825,Co-Applicant
LN-503377,CUST-101579,Co-Applicant
LN-503379,CUST-101778,Co-Applicant
LN-503383,CUST-106785,Co-Applicant
LN-503384,CUST-103998,Co-Applicant
LN-503388,CUST-106480,Co-Applicant
LN-503399,CUST-106562,Co-Applicant
LN-503405,CUST-107514,Co-Applicant
LN-503413,CUST-104060,Co-Applicant
LN-503426,CUST-101005,Co-Applicant
LN-503430,CUST-100236,Co-Applicant
LN-503438,CUST-106880,Co-Applicant
LN-503447,CUST-103842,Co-Applicant
LN-503449,CUST-102943,Co-Applicant
LN-503451,CUST-101133,Co-Applicant
LN-503453,CUST-101124,Co-Applicant
LN-503458,CUST-102887,Co-Applicant
LN-503467,CUST-105230,Co-Applicant
LN-503472,CUST-101120,Co-Applicant
LN-503476,CUST-101056,Co-Applicant
LN-503506,CUST-104892,Co-Applicant
LN-503511,CUST-101066,Co-Applicant
LN-503515,CUST-103293,Co-Applicant
LN-503531,CUST-106608,Co-Applicant
LN-503539,CUST-104487,Co-Applicant
LN-503544,CUST-101629,Co-Applicant
LN-503564,CUST-101818,Co-Applicant
LN-503566,CUST-105696,Co-Applicant
LN-503570,CUST-102646,Co-Applicant
LN-503579,CUST-107134,Co-Applicant
LN-503587,CUST-101350,Co-Applicant
LN-503611,CUST-105746,Co-Applicant
LN-503617,CUST-105018,Co-Applicant
LN-503620,CUST-103107,Co-Applicant
LN-503640,CUST-104170,Co-Applicant
LN-503644,CUST-103423,Co-Applicant
LN-503654,CUST-105682,Co-Applicant
LN-503660,CUST-105553,Co-Applicant
LN-503665,CUST-101657,Co-Applicant
LN-503684,CUST-102898,Co-Applicant
LN-503692,CUST-107462,Co-Applicant
LN-503695,CUST-107172,Co-Applicant
LN-503701,CUST-102101,Co-Applicant
LN-503708,CUST-102410,Co-Applicant
LN-503710,CUST-106755,Co-Applicant
LN-503716,CUST-107165,Co-Applicant
LN-503719,CUST-104442,Co-Applicant
LN-503720,CUST-101317,Co-Applicant
LN-503729,CUST-103265,Co-Applicant
LN-503733,CUST-102801,Co-Applicant
LN-503741,CUST-106525,Co-Applicant
LN-503756,CUST-102124,Co-Applicant
LN-503757,CUST-107249,Co-Applicant
LN-503762,CUST-103928,Co-Applicant
LN-503764,CUST-100687,Co-Applicant
LN-503775,CUST-101039,Co-Applicant
LN-503777,CUST-104472,Co-Applicant
LN-503786,CUST-100941,Co-Applicant
LN-503792,CUST-101143,Co-Applicant
LN-503797,CUST-104827,Co-Applicant
LN-503803,CUST-100858,Co-Applicant
LN-503815,CUST-103551,Co-Applicant
LN-503830,CUST-100095,Co-Applicant
LN-503832,CUST-105453,Co-Applicant
LN-503839,CUST-107687,Co-Applicant
LN-503853,CUST-103766,Co-Applicant
LN-503854,CUST-102136,Co-Applicant
LN-503859,CUST-101473,Co-Applicant
LN-503860,CUST-106990,Co-Applicant
LN-503866,CUST-107070,Co-Applicant
LN-503877,CUST-101620,Co-Applicant
LN-503883,CUST-100058,Co-Applicant
LN-503886,CUST-103890,Co-Applicant
LN-503915,CUST-100546,Co-Applicant
LN-503924,CUST-101068,Co-Applicant
LN-503931,CUST-107007,Co-Applicant
LN-503947,CUST-104400,Co-Applicant
LN-503948,CUST-104182,Co-Applicant
LN-503953,CUST-104213,Co-Applicant
LN-503956,CUST-100722,Co-Applicant
LN-503971,CUST-107673,Co-Applicant
LN-503976,CUST-103132,Co-Applicant
LN-503983,CUST-101590,Co-Applicant
LN-503985,CUST-104675,Co-Applicant
LN-503986,CUST-102676,Co-Applicant
LN-503992,CUST-106746,Co-Applicant
LN-503998,CUST-105743,Co-Applicant
LN-504013,CUST-102543,Co-Applicant
LN-504015,CUST-105441,Co-Applicant
LN-504022,CUST-102935,Co-Applicant
LN-504023,CUST-107726,Co-Applicant
LN-504030,CUST-103871,Co-Applicant
LN-504038,CUST-101950,Co-Applicant
LN-504042,CUST-106642,Co-Applicant
LN-504047,CUST-106338,Co-Applicant
LN-504053,CUST-100658,Co-Applicant
LN-504065,CUST-105820,Co-Applicant
LN-504067,CUST-107962,Co-Applicant
LN-504074,CUST-103549,Co-Applicant
LN-504079,CUST-104662,Co-Applicant
LN-504085,CUST-105061,Co-Applicant
LN-504090,CUST-101458,Co-Applicant
LN-504096,CUST-103201,Co-Applicant
LN-504099,CUST-100661,Co-Applicant
LN-504110,CUST-101453,Co-Applicant
LN-504112,CUST-102822,Co-Applicant
LN-504113,CUST-102065,Co-Applicant
LN-504140,CUST-101026,Co-Applicant
LN-504142,CUST-105426,Co-Applicant
LN-504143,CUST-104845,Co-Applicant
LN-504144,CUST-106450,Co-Applicant
LN-504155,CUST-103892,Co-Applicant
LN-504161,CUST-105564,Co-Applicant
LN-504174,CUST-100910,Co-Applicant
LN-504189,CUST-107957,Co-Applicant
LN-504191,CUST-105397,Co-Applicant
LN-504195,CUST-104033,Co-Applicant
LN-504208,CUST-105493,Co-Applicant
LN-504211,CUST-100897,Co-Applicant
LN-504213,CUST-107023,Co-Applicant
LN-504214,CUST-106886,Co-Applicant
LN-504215,CUST-101951,Co-Applicant
LN-504222,CUST-102093,Co-Applicant
LN-504228,CUST-101112,Co-Applicant
LN-504232,CUST-102810,Co-Applicant
LN-504233,CUST-107763,Co-Applicant
LN-504238,CUST-100198,Co-Applicant
LN-504245,CUST-104833,Co-Applicant
LN-504255,CUST-103020,Co-Applicant
LN-504259,CUST-100793,Co-Applicant
LN-504260,CUST-101457,Co-Applicant
LN-504261,CUST-103493,Co-Applicant
LN-504270,CUST-106772,Co-Applicant
LN-504273,CUST-102019,Co-Applicant
LN-504274,CUST-106439,Co-Applicant
LN-504276,CUST-107481,Co-Applicant
LN-504279,CUST-105870,Co-Applicant
LN-504281,CUST-104862,Co-Applicant
LN-504286,CUST-102867,Co-Applicant
LN-504288,CUST-100989,Co-Applicant
LN-504308,CUST-104023,Co-Applicant
LN-504309,CUST-101368,Co-Applicant
LN-504314,CUST-102847,Co-Applicant
LN-504315,CUST-106950,Co-Applicant
LN-504316,CUST-103029,Co-Applicant
LN-504321,CUST-107414,Co-Applicant
LN-504332,CUST-105464,Co-Applicant
LN-504357,CUST-102169,Co-Applicant
LN-504361,CUST-101282,Co-Applicant
LN-504374,CUST-103334,Co-Applicant
LN-504375,CUST-104603,Co-Applicant
LN-504376,CUST-107314,Co-Applicant
LN-504379,CUST-100954,Co-Applicant
LN-504385,CUST-101026,Co-Applicant
LN-504389,CUST-102282,Co-Applicant
LN-504399,CUST-101407,Co-Applicant
LN-504426,CUST-107577,Co-Applicant
LN-504427,CUST-101077,Co-Applicant
LN-504439,CUST-104341,Co-Applicant
LN-504446,CUST-106522,Co-Applicant
LN-504452,CUST-105992,Co-Applicant
LN-504453,CUST-100645,Co-Applicant
LN-504459,CUST-106355,Co-Applicant
LN-504462,CUST-100519,Co-Applicant
LN-504465,CUST-100326,Co-Applicant
LN-504471,CUST-106249,Co-Applicant
LN-504476,CUST-104581,Co-Applicant
LN-504484,CUST-107286,Co-Applicant
LN-504502,CUST-107002,Co-Applicant
LN-504505,CUST-103243,Co-Applicant
LN-504511,CUST-102862,Co-Applicant
LN-504518,CUST-101709,Co-Applicant
LN-504522,CUST-105313,Co-Applicant
LN-504523,CUST-101006,Co-Applicant
LN-504525,CUST-101925,Co-Applicant
LN-504526,CUST-106300,Co-Applicant
LN-504530,CUST-104312,Co-Applicant
LN-504535,CUST-102210,Co-Applicant
LN-504549,CUST-100574,Co-Applicant
LN-504557,CUST-106314,Co-Applicant
LN-504567,CUST-105369,Co-Applicant
LN-504568,CUST-101771,Co-Applicant
LN-504569,CUST-103647,Co-Applicant
LN-504571,CUST-102269,Co-Applicant
LN-504610,CUST-101328,Co-Applicant
LN-504614,CUST-104552,Co-Applicant
LN-504627,CUST-100953,Co-Applicant
LN-504651,CUST-106378,Co-Applicant
LN-504654,CUST-103288,Co-Applicant
LN-504674,CUST-105960,Co-Applicant
LN-504675,CUST-106915,Co-Applicant
LN-504678,CUST-102446,Co-Applicant
LN-504681,CUST-105679,Co-Applicant
LN-504686,CUST-103847,Co-Applicant
LN-504699,CUST-106588,Co-Applicant
LN-504705,CUST-104408,Co-Applicant
LN-504707,CUST-107948,Co-Applicant
LN-504737,CUST-104449,Co-Applicant
LN-504738,CUST-100675,Co-Applicant
LN-504749,CUST-105807,Co-Applicant
LN-504755,CUST-105439,Co-Applicant
LN-504758,CUST-102109,Co-Applicant
LN-504765,CUST-104392,Co-Applicant
LN-504769,CUST-106036,Co-Applicant
LN-504774,CUST-103704,Co-Applicant
LN-504781,CUST-107323,Co-Applicant
LN-504786,CUST-102443,Co-Applicant
LN-504788,CUST-107156,Co-Applicant
LN-504790,CUST-100527,Co-Applicant
LN-504791,CUST-105205,Co-Applicant
LN-504793,CUST-102668,Co-Applicant
LN-504794,CUST-106378,Co-Applicant
LN-504795,CUST-101058,Co-Applicant
LN-504808,CUST-103352,Co-Applicant
LN-504810,CUST-107226,Co-Applicant
LN-504813,CUST-107930,Co-Applicant
LN-504828,CUST-105990,Co-Applicant
LN-504843,CUST-104960,Co-Applicant
LN-504846,CUST-104870,Co-Applicant
LN-504850,CUST-102987,Co-Applicant
LN-504859,CUST-107578,Co-Applicant
LN-504860,CUST-106321,Co-Applicant
LN-504862,CUST-102094,Co-Applicant
LN-504865,CUST-100239,Co-Applicant
LN-504868,CUST-106774,Co-Applicant
LN-504881,CUST-100229,Co-Applicant
LN-504887,CUST-107334,Co-Applicant
LN-504888,CUST-104396,Co-Applicant
LN-504889,CUST-106466,Co-Applicant
LN-504890,CUST-106974,Co-Applicant
LN-504892,CUST-104333,Co-Applicant
LN-504902,CUST-103074,Co-Applicant
LN-504915,CUST-102486,Co-Applicant
LN-504918,CUST-102939,Co-Applicant
LN-504920,CUST-100475,Co-Applicant
LN-504921,CUST-107647,Co-Applicant
LN-504934,CUST-100623,Co-Applicant
LN-504940,CUST-107919,Co-Applicant
LN-504941,CUST-101650,Co-Applicant
LN-504944,CUST-101858,Co-Applicant
LN-504960,CUST-102199,Co-Applicant
LN-504963,CUST-107316,Co-Applicant
LN-504972,CUST-101149,Co-Applicant
LN-504975,CUST-102762,Co-Applicant
LN-504976,CUST-101365,Co-Applicant
LN-504979,CUST-107965,Co-Applicant
LN-504984,CUST-107502,Co-Applicant
LN-504989,CUST-101259,Co-Applicant
LN-504990,CUST-106776,Co-Applicant
LN-504996,CUST-102659,Co-Applicant
LN-505010,CUST-102624,Co-Applicant
LN-505035,CUST-100732,Co-Applicant
LN-505046,CUST-107463,Co-Applicant
LN-505050,CUST-105402,Co-Applicant
LN-505052,CUST-105497,Co-Applicant
LN-505056,CUST-100723,Co-Applicant
LN-505061,CUST-102776,Co-Applicant
LN-505065,CUST-104336,Co-Applicant
LN-505067,CUST-102147,Co-Applicant
LN-505076,CUST-107614,Co-Applicant
LN-505082,CUST-107047,Co-Applicant
LN-505098,CUST-106438,Co-Applicant
LN-505104,CUST-106705,Co-Applicant
LN-505120,CUST-102171,Co-Applicant
LN-505127,CUST-100476,Co-Applicant
LN-505128,CUST-107569,Co-Applicant
LN-505133,CUST-105425,Co-Applicant
LN-505144,CUST-103735,Co-Applicant
LN-505167,CUST-105908,Co-Applicant
LN-505169,CUST-101347,Co-Applicant
LN-505180,CUST-103395,Co-Applicant
LN-505190,CUST-105478,Co-Applicant
LN-505204,CUST-102017,Co-Applicant
LN-505210,CUST-101177,Co-Applicant
LN-505213,CUST-101836,Co-Applicant
LN-505216,CUST-105524,Co-Applicant
LN-505217,CUST-106691,Co-Applicant
LN-505224,CUST-105713,Co-Applicant
LN-505225,CUST-103754,Co-Applicant
LN-505235,CUST-107407,Co-Applicant
LN-505241,CUST-101668,Co-Applicant
LN-505244,CUST-102299,Co-Applicant
LN-505245,CUST-101796,Co-Applicant
LN-505246,CUST-103765,Co-Applicant
LN-505248,CUST-101399,Co-Applicant
LN-505254,CUST-102819,Co-Applicant
LN-505259,CUST-107270,Co-Applicant
LN-505262,CUST-107478,Co-Applicant
LN-505271,CUST-100366,Co-Applicant
LN-505281,CUST-102664,Co-Applicant
LN-505303,CUST-102027,Co-Applicant
LN-505311,CUST-103316,Co-Applicant
LN-505321,CUST-100788,Co-Applicant
LN-505323,CUST-102230,Co-Applicant
LN-505356,CUST-100214,Co-Applicant
LN-505361,CUST-103121,Co-Applicant
LN-505362,CUST-106164,Co-Applicant
LN-505370,CUST-105999,Co-Applicant
LN-505385,CUST-104455,Co-Applicant
LN-505386,CUST-101768,Co-Applicant
LN-505406,CUST-104677,Co-Applicant
LN-505425,CUST-107595,Co-Applicant
LN-505444,CUST-107666,Co-Applicant
LN-505449,CUST-103799,Co-Applicant
LN-505457,CUST-103872,Co-Applicant
LN-505461,CUST-104135,Co-Applicant
LN-505471,CUST-107211,Co-Applicant
LN-505473,CUST-101842,Co-Applicant
LN-505484,CUST-107147,Co-Applicant
LN-505492,CUST-104884,Co-Applicant
LN-505494,CUST-101512,Co-Applicant
LN-505496,CUST-100749,Co-Applicant
LN-505498,CUST-104400,Co-Applicant
LN-505505,CUST-103913,Co-Applicant
LN-505507,CUST-105834,Co-Applicant
LN-505525,CUST-103301,Co-Applicant
LN-505526,CUST-101419,Co-Applicant
LN-505529,CUST-101133,Co-Applicant
LN-505530,CUST-100701,Co-Applicant
LN-505541,CUST-101907,Co-Applicant
LN-505561,CUST-105370,Co-Applicant
LN-505566,CUST-102305,Co-Applicant
LN-505569,CUST-107729,Co-Applicant
LN-505580,CUST-102941,Co-Applicant
LN-505587,CUST-104147,Co-Applicant
LN-505598,CUST-106262,Co-Applicant
LN-505599,CUST-102498,Co-Applicant
LN-505607,CUST-104788,Co-Applicant
LN-505612,CUST-102486,Co-Applicant
LN-505625,CUST-104702,Co-Applicant
LN-505630,CUST-102551,Co-Applicant
LN-505633,CUST-104359,Co-Applicant
LN-505635,CUST-105075,Co-Applicant
LN-505638,CUST-103674,Co-Applicant
LN-505649,CUST-104949,Co-Applicant
LN-505651,CUST-103336,Co-Applicant
LN-505653,CUST-105456,Co-Applicant
LN-505674,CUST-103798,Co-Applicant
LN-505676,CUST-100799,Co-Applicant
LN-505681,CUST-107747,Co-Applicant
LN-505682,CUST-106601,Co-Applicant
LN-505684,CUST-104049,Co-Applicant
LN-505689,CUST-103965,Co-Applicant
LN-505695,CUST-106949,Co-Applicant
LN-505700,CUST-104511,Co-Applicant
LN-505725,CUST-104296,Co-Applicant
LN-505736,CUST-101480,Co-Applicant
LN-505758,CUST-104594,Co-Applicant
LN-505761,CUST-107740,Co-Applicant
LN-505767,CUST-103909,Co-Applicant
LN-505777,CUST-100045,Co-Applicant
LN-505790,CUST-100546,Co-Applicant
LN-505802,CUST-102479,Co-Applicant
LN-505817,CUST-102542,Co-Applicant
LN-505828,CUST-102401,Co-Applicant
LN-505838,CUST-105466,Co-Applicant
LN-505850,CUST-107986,Co-Applicant
LN-505853,CUST-102901,Co-Applicant
LN-505860,CUST-107786,Co-Applicant
LN-505881,CUST-106100,Co-Applicant
LN-505882,CUST-104237,Co-Applicant
LN-505883,CUST-105747,Co-Applicant
LN-505891,CUST-102610,Co-Applicant
LN-505895,CUST-101522,Co-Applicant
LN-505897,CUST-102691,Co-Applicant
LN-505907,CUST-105898,Co-Applicant
LN-505909,CUST-101528,Co-Applicant
LN-505914,CUST-107583,Co-Applicant
LN-505919,CUST-104780,Co-Applicant
LN-505926,CUST-100742,Co-Applicant
LN-505932,CUST-101602,Co-Applicant
LN-505948,CUST-107898,Co-Applicant
LN-505950,CUST-102708,Co-Applicant
LN-505960,CUST-101688,Co-Applicant
LN-505962,CUST-105648,Co-Applicant
LN-505965,CUST-106494,Co-Applicant
LN-505970,CUST-100796,Co-Applicant
LN-505972,CUST-103294,Co-Applicant
LN-505974,CUST-104440,Co-Applicant
LN-505991,CUST-103737,Co-Applicant
LN-505992,CUST-104764,Co-Applicant
LN-505999,CUST-101943,Co-Applicant
LN-506005,CUST-107369,Co-Applicant
LN-506018,CUST-107120,Co-Applicant
LN-506036,CUST-107536,Co-Applicant
LN-506069,CUST-104440,Co-Applicant
LN-506070,CUST-106809,Co-Applicant
LN-506071,CUST-102821,Co-Applicant
LN-506077,CUST-101430,Co-Applicant
LN-506082,CUST-106796,Co-Applicant
LN-506090,CUST-103645,Co-Applicant
LN-506094,CUST-100677,Co-Applicant
LN-506097,CUST-101917,Co-Applicant
LN-506103,CUST-106642,Co-Applicant
LN-506110,CUST-102131,Co-Applicant
LN-506112,CUST-100131,Co-Applicant
LN-506113,CUST-103657,Co-Applicant
LN-506118,CUST-100787,Co-Applicant
LN-506126,CUST-101922,Co-Applicant
LN-506142,CUST-104147,Co-Applicant
LN-506151,CUST-100112,Co-Applicant
LN-506153,CUST-100422,Co-Applicant
LN-506156,CUST-105112,Co-Applicant
LN-506167,CUST-104444,Co-Applicant
LN-506168,CUST-104072,Co-Applicant
LN-506176,CUST-103661,Co-Applicant
LN-506193,CUST-104450,Co-Applicant
LN-506194,CUST-102332,Co-Applicant
LN-506199,CUST-105902,Co-Applicant
LN-506216,CUST-106276,Co-Applicant
LN-506220,CUST-102021,Co-Applicant
LN-506221,CUST-105706,Co-Applicant
LN-506231,CUST-101271,Co-Applicant
LN-506232,CUST-106366,Co-Applicant
LN-506233,CUST-102907,Co-Applicant
LN-506236,CUST-100645,Co-Applicant
LN-506238,CUST-107715,Co-Applicant
LN-506246,CUST-102517,Co-Applicant
LN-506255,CUST-102341,Co-Applicant
LN-506272,CUST-102996,Co-Applicant
LN-506283,CUST-102270,Co-Applicant
LN-506290,CUST-102049,Co-Applicant
LN-506302,CUST-103590,Co-Applicant
LN-506308,CUST-102930,Co-Applicant
LN-506311,CUST-103771,Co-Applicant
LN-506321,CUST-102827,Co-Applicant
LN-506331,CUST-103535,Co-Applicant
LN-506332,CUST-100805,Co-Applicant
LN-506342,CUST-106131,Co-Applicant
LN-506345,CUST-104153,Co-Applicant
LN-506348,CUST-100459,Co-Applicant
LN-506349,CUST-105070,Co-Applicant
LN-506350,CUST-107777,Co-Applicant
LN-506358,CUST-104957,Co-Applicant
LN-506363,CUST-101071,Co-Applicant
LN-506364,CUST-100701,Co-Applicant
LN-506377,CUST-106500,Co-Applicant
LN-506378,CUST-106327,Co-Applicant
LN-506379,CUST-103935,Co-Applicant
LN-506408,CUST-107787,Co-Applicant
LN-506409,CUST-100326,Co-Applicant
LN-506410,CUST-101347,Co-Applicant
LN-506420,CUST-106526,Co-Applicant
LN-506422,CUST-103144,Co-Applicant
LN-506427,CUST-106025,Co-Applicant
LN-506435,CUST-101944,Co-Applicant
LN-506447,CUST-107856,Co-Applicant
LN-506461,CUST-104604,Co-Applicant
LN-506463,CUST-101198,Co-Applicant
LN-506475,CUST-105583,Co-Applicant
LN-506504,CUST-102823,Co-Applicant
LN-506507,CUST-105924,Co-Applicant
LN-506511,CUST-105129,Co-Applicant
LN-506512,CUST-107677,Co-Applicant
LN-506513,CUST-103708,Co-Applicant
LN-506515,CUST-107113,Co-Applicant
LN-506517,CUST-105326,Co-Applicant
LN-506527,CUST-107719,Co-Applicant
LN-506534,CUST-100097,Co-Applicant
LN-506535,CUST-103440,Co-Applicant
LN-506546,CUST-106914,Co-Applicant
LN-506551,CUST-100774,Co-Applicant
LN-506573,CUST-100806,Co-Applicant
LN-506574,CUST-100585,Co-Applicant
LN-506579,CUST-105482,Co-Applicant
LN-506580,CUST-103830,Co-Applicant
LN-506602,CUST-100208,Co-Applicant
LN-506603,CUST-104353,Co-Applicant
LN-506606,CUST-107787,Co-Applicant
LN-506611,CUST-104149,Co-Applicant
LN-506613,CUST-104707,Co-Applicant
LN-506617,CUST-104167,Co-Applicant
LN-506620,CUST-104158,Co-Applicant
LN-506623,CUST-104762,Co-Applicant
LN-506627,CUST-100121,Co-Applicant
LN-506632,CUST-100073,Co-Applicant
LN-506633,CUST-104082,Co-Applicant
LN-506634,CUST-106899,Co-Applicant
LN-506635,CUST-101719,Co-Applicant
LN-506637,CUST-101998,Co-Applicant
LN-506638,CUST-102435,Co-Applicant
LN-506642,CUST-102151,Co-Applicant
LN-506648,CUST-102985,Co-Applicant
LN-506651,CUST-107755,Co-Applicant
LN-506664,CUST-100256,Co-Applicant
LN-506665,CUST-106338,Co-Applicant
LN-506666,CUST-100242,Co-Applicant
LN-506681,CUST-106926,Co-Applicant
LN-506700,CUST-103471,Co-Applicant
LN-506704,CUST-101191,Co-Applicant
LN-506708,CUST-106153,Co-Applicant
LN-506714,CUST-102418,Co-Applicant
LN-506719,CUST-105978,Co-Applicant
LN-506729,CUST-105766,Co-Applicant
LN-506752,CUST-100233,Co-Applicant
LN-506757,CUST-103565,Co-Applicant
LN-506765,CUST-103095,Co-Applicant
LN-506789,CUST-100593,Co-Applicant
LN-506794,CUST-107208,Co-Applicant
LN-506798,CUST-104631,Co-Applicant
LN-506799,CUST-103677,Co-Applicant
LN-506801,CUST-106316,Co-Applicant
LN-506805,CUST-101885,Co-Applicant
LN-506807,CUST-104826,Co-Applicant
LN-506817,CUST-100911,Co-Applicant
LN-506822,CUST-102595,Co-Applicant
LN-506823,CUST-107089,Co-Applicant
LN-506846,CUST-104529,Co-Applicant
LN-506849,CUST-107023,Co-Applicant
LN-506850,CUST-106431,Co-Applicant
LN-506856,CUST-105517,Co-Applicant
LN-506858,CUST-104401,Co-Applicant
LN-506861,CUST-100052,Co-Applicant
LN-506868,CUST-106881,Co-Applicant
LN-506875,CUST-101373,Co-Applicant
LN-506876,CUST-100192,Co-Applicant
LN-506877,CUST-105755,Co-Applicant
LN-506883,CUST-101592,Co-Applicant
LN-506888,CUST-104357,Co-Applicant
LN-506901,CUST-100803,Co-Applicant
LN-506902,CUST-103374,Co-Applicant
LN-506910,CUST-100479,Co-Applicant
LN-506918,CUST-107493,Co-Applicant
LN-506925,CUST-106684,Co-Applicant
LN-506931,CUST-102156,Co-Applicant
LN-506939,CUST-106795,Co-Applicant
LN-506950,CUST-104515,Co-Applicant
LN-506951,CUST-104393,Co-Applicant
LN-506957,CUST-105290,Co-Applicant
LN-506965,CUST-107573,Co-Applicant
LN-506970,CUST-104217,Co-Applicant
LN-506992,CUST-105041,Co-Applicant
LN-506999,CUST-105815,Co-Applicant
LN-507012,CUST-107335,Co-Applicant
LN-507013,CUST-107569,Co-Applicant
LN-507017,CUST-103161,Co-Applicant
LN-507021,CUST-102511,Co-Applicant
LN-507022,CUST-104023,Co-Applicant
LN-507030,CUST-107728,Co-Applicant
LN-507050,CUST-105308,Co-Applicant
LN-507051,CUST-106066,Co-Applicant
LN-507065,CUST-104485,Co-Applicant
LN-507069,CUST-106404,Co-Applicant
LN-507079,CUST-102989,Co-Applicant
LN-507085,CUST-104906,Co-Applicant
LN-507107,CUST-104234,Co-Applicant
LN-507110,CUST-106682,Co-Applicant
LN-507122,CUST-103150,Co-Applicant
LN-507123,CUST-100122,Co-Applicant
LN-507129,CUST-106184,Co-Applicant
LN-507137,CUST-103545,Co-Applicant
LN-507157,CUST-107710,Co-Applicant
LN-507160,CUST-107078,Co-Applicant
LN-507171,CUST-105381,Co-Applicant
LN-507177,CUST-103035,Co-Applicant
LN-507178,CUST-106308,Co-Applicant
LN-507201,CUST-101617,Co-Applicant
LN-507228,CUST-100865,Co-Applicant
LN-507234,CUST-104258,Co-Applicant
LN-507240,CUST-105528,Co-Applicant
LN-507243,CUST-107097,Co-Applicant
LN-507245,CUST-104163,Co-Applicant
LN-507261,CUST-104583,Co-Applicant
LN-507262,CUST-105768,Co-Applicant
LN-507263,CUST-104931,Co-Applicant
LN-507268,CUST-107049,Co-Applicant
LN-507281,CUST-106061,Co-Applicant
LN-507285,CUST-106938,Co-Applicant
LN-507306,CUST-100704,Co-Applicant
LN-507317,CUST-105083,Co-Applicant
LN-507331,CUST-107880,Co-Applicant
LN-507336,CUST-100158,Co-Applicant
LN-507337,CUST-103827,Co-Applicant
LN-507344,CUST-106184,Co-Applicant
LN-507351,CUST-106931,Co-Applicant
LN-507353,CUST-105867,Co-Applicant
LN-507356,CUST-102632,Co-Applicant
LN-507366,CUST-103574,Co-Applicant
LN-507371,CUST-102581,Co-Applicant
LN-507379,CUST-103135,Co-Applicant
LN-507382,CUST-106787,Co-Applicant
LN-507384,CUST-106782,Co-Applicant
LN-507385,CUST-103332,Co-Applicant
LN-507395,CUST-107831,Co-Applicant
LN-507409,CUST-106446,Co-Applicant
LN-507411,CUST-102112,Co-Applicant
LN-507412,CUST-100167,Co-Applicant
LN-507413,CUST-101783,Co-Applicant
LN-507415,CUST-104210,Co-Applicant
LN-507426,CUST-100661,Co-Applicant
LN-507427,CUST-103680,Co-Applicant
LN-507430,CUST-107204,Co-Applicant
LN-507434,CUST-103447,Co-Applicant
LN-507435,CUST-106254,Co-Applicant
LN-507458,CUST-101900,Co-Applicant
LN-507467,CUST-103946,Co-Applicant
LN-507478,CUST-104259,Co-Applicant
LN-507479,CUST-105703,Co-Applicant
LN-507481,CUST-100582,Co-Applicant
LN-507484,CUST-102143,Co-Applicant
LN-507485,CUST-106733,Co-Applicant
LN-507488,CUST-101334,Co-Applicant
LN-507497,CUST-107828,Co-Applicant
LN-507508,CUST-101418,Co-Applicant
LN-507513,CUST-106047,Co-Applicant
LN-507527,CUST-103238,Co-Applicant
LN-507543,CUST-103654,Co-Applicant
LN-507546,CUST-101953,Co-Applicant
LN-507558,CUST-105259,Co-Applicant
LN-507567,CUST-100290,Co-Applicant
LN-507572,CUST-105439,Co-Applicant
LN-507577,CUST-104883,Co-Applicant
LN-507580,CUST-105057,Co-Applicant
LN-507582,CUST-107573,Co-Applicant
LN-507585,CUST-100438,Co-Applicant
LN-507605,CUST-106763,Co-Applicant
LN-507614,CUST-103791,Co-Applicant
LN-507626,CUST-101606,Co-Applicant
LN-507634,CUST-102796,Co-Applicant
LN-507636,CUST-105936,Co-Applicant
LN-507637,CUST-107079,Co-Applicant
LN-507641,CUST-102206,Co-Applicant
LN-507644,CUST-104582,Co-Applicant
LN-507646,CUST-106991,Co-Applicant
LN-507654,CUST-107865,Co-Applicant
LN-507655,CUST-107006,Co-Applicant
LN-507663,CUST-107701,Co-Applicant
LN-507669,CUST-100012,Co-Applicant
LN-507670,CUST-105804,Co-Applicant
LN-507673,CUST-100432,Co-Applicant
LN-507678,CUST-104815,Co-Applicant
LN-507679,CUST-102781,Co-Applicant
LN-507687,CUST-103146,Co-Applicant
LN-507694,CUST-104724,Co-Applicant
LN-507704,CUST-102977,Co-Applicant
LN-507705,CUST-106420,Co-Applicant
LN-507710,CUST-101611,Co-Applicant
LN-507714,CUST-105686,Co-Applicant
LN-507718,CUST-104914,Co-Applicant
LN-507722,CUST-104630,Co-Applicant
LN-507729,CUST-101435,Co-Applicant
LN-507732,CUST-103958,Co-Applicant
LN-507737,CUST-101564,Co-Applicant
LN-507742,CUST-103040,Co-Applicant
LN-507757,CUST-107968,Co-Applicant
LN-507766,CUST-102174,Co-Applicant
LN-507770,CUST-106121,Co-Applicant
LN-507782,CUST-107300,Co-Applicant
LN-507783,CUST-106750,Co-Applicant
LN-507787,CUST-107671,Co-Applicant
LN-507791,CUST-106911,Co-Applicant
LN-507816,CUST-105910,Co-Applicant
LN-507818,CUST-107069,Co-Applicant
LN-507827,CUST-104856,Co-Applicant
LN-507830,CUST-104439,Co-Applicant
LN-507835,CUST-102580,Co-Applicant
LN-507838,CUST-103647,Co-Applicant
LN-507845,CUST-105195,Co-Applicant
LN-507849,CUST-101232,Co-Applicant
LN-507858,CUST-102828,Co-Applicant
LN-507860,CUST-101626,Co-Applicant
LN-507870,CUST-107123,Co-Applicant
LN-507880,CUST-100371,Co-Applicant
LN-507881,CUST-107214,Co-Applicant
LN-507902,CUST-101605,Co-Applicant
LN-507903,CUST-104191,Co-Applicant
LN-507914,CUST-103467,Co-Applicant
LN-507916,CUST-106614,Co-Applicant
LN-507922,CUST-104941,Co-Applicant
LN-507930,CUST-106170,Co-Applicant
LN-507934,CUST-105333,Co-Applicant
LN-507935,CUST-107728,Co-Applicant
LN-507942,CUST-105639,Co-Applicant
LN-507944,CUST-101720,Co-Applicant
LN-507945,CUST-104737,Co-Applicant
LN-507947,CUST-103974,Co-Applicant
LN-507948,CUST-100097,Co-Applicant
LN-507950,CUST-106623,Co-Applicant
LN-507958,CUST-104660,Co-Applicant
LN-507962,CUST-107962,Co-Applicant
LN-507968,CUST-105104,Co-Applicant
LN-507974,CUST-102819,Co-Applicant
LN-507983,CUST-105755,Co-Applicant
LN-507993,CUST-107362,Co-Applicant
LN-507995,CUST-100044,Co-Applicant
LN-507997,CUST-104546,Co-Applicant
LN-508002,CUST-102934,Co-Applicant
LN-508003,CUST-107829,Co-Applicant
LN-508006,CUST-100016,Co-Applicant
LN-508028,CUST-103566,Co-Applicant
LN-508033,CUST-104106,Co-Applicant
LN-508038,CUST-105566,Co-Applicant
LN-508046,CUST-103729,Co-Applicant
LN-508055,CUST-104731,Co-Applicant
LN-508059,CUST-106321,Co-Applicant
LN-508065,CUST-103397,Co-Applicant
LN-508083,CUST-102025,Co-Applicant
LN-508090,CUST-100803,Co-Applicant
LN-508103,CUST-101878,Co-Applicant
LN-508107,CUST-106531,Co-Applicant
LN-508108,CUST-106719,Co-Applicant
LN-508112,CUST-104010,Co-Applicant
LN-508126,CUST-106458,Co-Applicant
LN-508129,CUST-101972,Co-Applicant
LN-508131,CUST-106296,Co-Applicant
LN-508132,CUST-102445,Co-Applicant
LN-508134,CUST-107439,Co-Applicant
LN-508135,CUST-107429,Co-Applicant
LN-508159,CUST-104369,Co-Applicant
LN-508164,CUST-106461,Co-Applicant
LN-508168,CUST-105387,Co-Applicant
LN-508173,CUST-104635,Co-Applicant
LN-508174,CUST-101190,Co-Applicant
LN-508187,CUST-101545,Co-Applicant
LN-508214,CUST-101747,Co-Applicant
LN-508215,CUST-102519,Co-Applicant
LN-508217,CUST-104295,Co-Applicant
LN-508227,CUST-106793,Co-Applicant
LN-508241,CUST-101844,Co-Applicant
LN-508254,CUST-101251,Co-Applicant
LN-508260,CUST-101723,Co-Applicant
LN-508265,CUST-104157,Co-Applicant
LN-508287,CUST-105342,Co-Applicant
LN-508289,CUST-100817,Co-Applicant
LN-508294,CUST-102338,Co-Applicant
LN-508295,CUST-103555,Co-Applicant
LN-508300,CUST-100397,Co-Applicant
LN-508311,CUST-104084,Co-Applicant
LN-508313,CUST-107113,Co-Applicant
LN-508323,CUST-100228,Co-Applicant
LN-508324,CUST-100890,Co-Applicant
LN-508325,CUST-103609,Co-Applicant
LN-508335,CUST-103087,Co-Applicant
LN-508341,CUST-107378,Co-Applicant
LN-508354,CUST-107238,Co-Applicant
LN-508358,CUST-101180,Co-Applicant
LN-508403,CUST-100720,Co-Applicant
LN-508413,CUST-107379,Co-Applicant
LN-508416,CUST-106447,Co-Applicant
LN-508420,CUST-104994,Co-Applicant
LN-508422,CUST-102288,Co-Applicant
LN-508435,CUST-106190,Co-Applicant
LN-508447,CUST-103189,Co-Applicant
LN-508456,CUST-107925,Co-Applicant
LN-508459,CUST-106169,Co-Applicant
LN-508469,CUST-103376,Co-Applicant
LN-508483,CUST-107039,Co-Applicant
LN-508485,CUST-100910,Co-Applicant
LN-508491,CUST-104056,Co-Applicant
LN-508498,CUST-107957,Co-Applicant
LN-508499,CUST-102703,Co-Applicant
LN-508506,CUST-104446,Co-Applicant
LN-508513,CUST-102967,Co-Applicant
LN-508538,CUST-107367,Co-Applicant
LN-508543,CUST-104580,Co-Applicant
LN-508544,CUST-102464,Co-Applicant
LN-508549,CUST-101801,Co-Applicant
LN-508561,CUST-101967,Co-Applicant
LN-508563,CUST-100673,Co-Applicant
LN-508567,CUST-101105,Co-Applicant
LN-508570,CUST-105986,Co-Applicant
LN-508573,CUST-101051,Co-Applicant
LN-508578,CUST-105751,Co-Applicant
LN-508595,CUST-104930,Co-Applicant
LN-508599,CUST-102502,Co-Applicant
LN-508618,CUST-107198,Co-Applicant
LN-508626,CUST-103052,Co-Applicant
LN-508629,CUST-104752,Co-Applicant
LN-508633,CUST-100694,Co-Applicant
LN-508644,CUST-102447,Co-Applicant
LN-508650,CUST-104792,Co-Applicant
LN-508652,CUST-100965,Co-Applicant
LN-508659,CUST-103874,Co-Applicant
LN-508661,CUST-107774,Co-Applicant
LN-508667,CUST-100545,Co-Applicant
LN-508676,CUST-105835,Co-Applicant
LN-508678,CUST-101703,Co-Applicant
LN-508680,CUST-106323,Co-Applicant
LN-508689,CUST-105879,Co-Applicant
LN-508692,CUST-101291,Co-Applicant
LN-508693,CUST-104813,Co-Applicant
LN-508701,CUST-106790,Co-Applicant
LN-508703,CUST-102480,Co-Applicant
LN-508704,CUST-107713,Co-Applicant
LN-508708,CUST-104988,Co-Applicant
LN-508714,CUST-106731,Co-Applicant
LN-508717,CUST-104274,Co-Applicant
LN-508728,CUST-101880,Co-Applicant
LN-508741,CUST-106009,Co-Applicant
LN-508744,CUST-104545,Co-Applicant
LN-508749,CUST-104197,Co-Applicant
LN-508754,CUST-102619,Co-Applicant
LN-508760,CUST-100262,Co-Applicant
LN-508772,CUST-104795,Co-Applicant
LN-508780,CUST-103622,Co-Applicant
LN-508782,CUST-106180,Co-Applicant
LN-508787,CUST-107405,Co-Applicant
LN-508789,CUST-102762,Co-Applicant
LN-508797,CUST-101752,Co-Applicant
LN-508798,CUST-100696,Co-Applicant
LN-508799,CUST-107516,Co-Applicant
LN-508810,CUST-105118,Co-Applicant
LN-508815,CUST-105175,Co-Applicant
LN-508825,CUST-101621,Co-Applicant
LN-508857,CUST-107597,Co-Applicant
LN-508866,CUST-105106,Co-Applicant
LN-508886,CUST-106067,Co-Applicant
LN-508890,CUST-102293,Co-Applicant
LN-508893,CUST-105069,Co-Applicant
LN-508894,CUST-107776,Co-Applicant
LN-508895,CUST-102579,Co-Applicant
LN-508897,CUST-105874,Co-Applicant
LN-508898,CUST-101381,Co-Applicant
LN-508908,CUST-103720,Co-Applicant
LN-508929,CUST-101270,Co-Applicant
LN-508935,CUST-107005,Co-Applicant
LN-508941,CUST-102291,Co-Applicant
LN-508944,CUST-105231,Co-Applicant
LN-508947,CUST-105155,Co-Applicant
LN-508960,CUST-107438,Co-Applicant
LN-508962,CUST-104718,Co-Applicant
LN-508966,CUST-106354,Co-Applicant
LN-508982,CUST-100992,Co-Applicant
LN-508989,CUST-102471,Co-Applicant
LN-508999,CUST-102548,Co-Applicant
LN-509005,CUST-102626,Co-Applicant
LN-509006,CUST-105728,Co-Applicant
LN-509007,CUST-105426,Co-Applicant
LN-509009,CUST-101051,Co-Applicant
LN-509026,CUST-107475,Co-Applicant
LN-509029,CUST-102632,Co-Applicant
LN-509033,CUST-102384,Co-Applicant
LN-509036,CUST-103721,Co-Applicant
LN-509041,CUST-106094,Co-Applicant
LN-509071,CUST-101261,Co-Applicant
LN-509074,CUST-102344,Co-Applicant
LN-509081,CUST-105366,Co-Applicant
LN-509082,CUST-107378,Co-Applicant
LN-509100,CUST-104017,Co-Applicant
LN-509103,CUST-105013,Co-Applicant
LN-509109,CUST-102601,Co-Applicant
LN-509113,CUST-106772,Co-Applicant
LN-509121,CUST-105995,Co-Applicant
LN-509130,CUST-100284,Co-Applicant
LN-509151,CUST-101433,Co-Applicant
LN-509166,CUST-100495,Co-Applicant
LN-509167,CUST-100884,Co-Applicant
LN-509169,CUST-103058,Co-Applicant
LN-509185,CUST-106391,Co-Applicant
LN-509186,CUST-102819,Co-Applicant
LN-509192,CUST-100560,Co-Applicant
LN-509193,CUST-102358,Co-Applicant
LN-509194,CUST-103528,Co-Applicant
LN-509202,CUST-106279,Co-Applicant
LN-509207,CUST-107206,Co-Applicant
LN-509208,CUST-104934,Co-Applicant
LN-509221,CUST-105225,Co-Applicant
LN-509222,CUST-106820,Co-Applicant
LN-509230,CUST-106455,Co-Applicant
LN-509231,CUST-100193,Co-Applicant
LN-509239,CUST-105578,Co-Applicant
LN-509241,CUST-101169,Co-Applicant
LN-509253,CUST-101057,Co-Applicant
LN-509266,CUST-104986,Co-Applicant
LN-509268,CUST-107620,Co-Applicant
LN-509273,CUST-106116,Co-Applicant
LN-509277,CUST-105652,Co-Applicant
LN-509279,CUST-105687,Co-Applicant
LN-509287,CUST-107630,Co-Applicant
LN-509301,CUST-100093,Co-Applicant
LN-509310,CUST-106411,Co-Applicant
LN-509320,CUST-103595,Co-Applicant
LN-509321,CUST-103730,Co-Applicant
LN-509323,CUST-107186,Co-Applicant
LN-509329,CUST-107011,Co-Applicant
LN-509353,CUST-103763,Co-Applicant
LN-509354,CUST-103674,Co-Applicant
LN-509371,CUST-105246,Co-Applicant
LN-509374,CUST-103521,Co-Applicant
LN-509375,CUST-107945,Co-Applicant
LN-509395,CUST-104709,Co-Applicant
LN-509397,CUST-100806,Co-Applicant
LN-509398,CUST-106555,Co-Applicant
LN-509399,CUST-102439,Co-Applicant
LN-509405,CUST-106788,Co-Applicant
LN-509406,CUST-100672,Co-Applicant
LN-509443,CUST-100862,Co-Applicant
LN-509446,CUST-104740,Co-Applicant
LN-509447,CUST-102718,Co-Applicant
LN-509451,CUST-102162,Co-Applicant
LN-509457,CUST-103231,Co-Applicant
LN-509460,CUST-104509,Co-Applicant
LN-509462,CUST-106073,Co-Applicant
LN-509469,CUST-100775,Co-Applicant
LN-509473,CUST-103421,Co-Applicant
LN-509489,CUST-103084,Co-Applicant
LN-509490,CUST-102246,Co-Applicant
LN-509491,CUST-105950,Co-Applicant
LN-509494,CUST-105525,Co-Applicant
LN-509504,CUST-107531,Co-Applicant
LN-509516,CUST-101371,Co-Applicant
LN-509518,CUST-106330,Co-Applicant
LN-509519,CUST-101070,Co-Applicant
LN-509522,CUST-106835,Co-Applicant
LN-509540,CUST-105962,Co-Applicant
LN-509541,CUST-103825,Co-Applicant
LN-509550,CUST-101380,Co-Applicant
LN-509554,CUST-102835,Co-Applicant
LN-509564,CUST-106467,Co-Applicant
LN-509568,CUST-107250,Co-Applicant
LN-509572,CUST-106249,Co-Applicant
LN-509592,CUST-103607,Co-Applicant
LN-509593,CUST-102155,Co-Applicant
LN-509598,CUST-106362,Co-Applicant
LN-509600,CUST-100823,Co-Applicant
LN-509605,CUST-107478,Co-Applicant
LN-509607,CUST-107269,Co-Applicant
LN-509611,CUST-101510,Co-Applicant
LN-509620,CUST-103525,Co-Applicant
LN-509638,CUST-106839,Co-Applicant
LN-509654,CUST-104827,Co-Applicant
LN-509657,CUST-106728,Co-Applicant
LN-509661,CUST-102570,Co-Applicant
LN-509665,CUST-100734,Co-Applicant
LN-509671,CUST-107730,Co-Applicant
LN-509674,CUST-103307,Co-Applicant
LN-509688,CUST-101858,Co-Applicant
LN-509689,CUST-102134,Co-Applicant
LN-509696,CUST-106050,Co-Applicant
LN-509712,CUST-107867,Co-Applicant
LN-509716,CUST-107561,Co-Applicant
LN-509726,CUST-102225,Co-Applicant
LN-509730,CUST-101450,Co-Applicant
LN-509734,CUST-101227,Co-Applicant
LN-509742,CUST-107870,Co-Applicant
LN-509745,CUST-107906,Co-Applicant
LN-509756,CUST-100186,Co-Applicant
LN-509759,CUST-103869,Co-Applicant
LN-509763,CUST-103219,Co-Applicant
LN-509771,CUST-102018,Co-Applicant
LN-509786,CUST-104549,Co-Applicant
LN-509790,CUST-100957,Co-Applicant
LN-509792,CUST-104863,Co-Applicant
LN-509807,CUST-106742,Co-Applicant
LN-509830,CUST-101877,Co-Applicant
LN-509835,CUST-105276,Co-Applicant
LN-509836,CUST-100248,Co-Applicant
LN-509849,CUST-105481,Co-Applicant
LN-509858,CUST-106325,Co-Applicant
LN-509869,CUST-106538,Co-Applicant
LN-509871,CUST-106946,Co-Applicant
LN-509872,CUST-101246,Co-Applicant
LN-509874,CUST-104357,Co-Applicant
LN-509875,CUST-106966,Co-Applicant
LN-509878,CUST-101379,Co-Applicant
LN-509889,CUST-101831,Co-Applicant
LN-509900,CUST-103019,Co-Applicant
LN-509905,CUST-104127,Co-Applicant
LN-509907,CUST-102163,Co-Applicant
LN-509910,CUST-104017,Co-Applicant
LN-509917,CUST-105346,Co-Applicant
LN-509931,CUST-106435,Co-Applicant
LN-509937,CUST-103503,Co-Applicant
LN-509947,CUST-102697,Co-Applicant
LN-509955,CUST-107343,Co-Applicant
LN-509964,CUST-105840,Co-Applicant
LN-509971,CUST-104222,Co-Applicant
LN-509972,CUST-100039,Co-Applicant
LN-509976,CUST-101381,Co-Applicant
LN-509982,CUST-105591,Co-Applicant
LN-509984,CUST-103551,Co-Applicant
LN-509985,CUST-106514,Co-Applicant
LN-509986,CUST-103661,Co-Applicant
LN-509989,CUST-100504,Co-Applicant
LN-509993,CUST-102321,Co-Applicant
LN-510005,CUST-106553,Co-Applicant
LN-510006,CUST-103719,Co-Applicant
LN-510007,CUST-100369,Co-Applicant
