payment_id,loan_id,customer_id,payment_date,payment_amount,scheduled_amount,payment_type,payment_method,payment_status,is_reversal_flag,nsf_flag,original_payment_id,effective_date,ingestion_date,is_late_arrival,is_corrupt_record
PMT-9028534,LN-500950,CUST-106981,2025-04-24,426.5,426.5,Scheduled,ACH,Posted,False,False,,2025-04-24,2025-05-04,True,False
PMT-9028574,LN-500984,CUST-100061,2025-04-24,203.82,203.82,Scheduled,ACH,Posted,False,False,,2025-04-24,2025-05-04,True,False
PMT-9028586,LN-506064,CUST-103016,2025-04-24,1044.19,1044.19,Scheduled,ACH,Posted,False,False,,2025-04-24,2025-05-04,True,False
PMT-9028594,LN-501489,CUST-107681,2025-04-24,500.18,500.18,Scheduled,ACH,Posted,False,False,,2025-04-24,2025-05-04,True,False
PMT-9028602,LN-507330,CUST-107359,2025-04-24,534.44,534.44,Scheduled,ACH,Posted,False,False,,2025-04-24,2025-05-04,True,False
PMT-9028941,LN-505854,CUST-107415,2025-04-25,163.94,163.94,Scheduled,Debit Card,Posted,False,False,,2025-04-25,2025-05-04,True,False
PMT-9029257,LN-500432,CUST-100676,2025-04-26,315.82,315.82,Scheduled,ACH,Posted,False,False,,2025-04-26,2025-05-04,True,False
PMT-9029303,LN-504978,CUST-105185,2025-04-27,337.89,337.89,Scheduled,ACH,Posted,False,False,,2025-04-27,2025-05-04,True,False
PMT-9029489,LN-503967,CUST-106754,2025-04-27,439.99,439.99,Scheduled,Cash,Posted,False,False,,2025-04-27,2025-05-04,True,False
PMT-9029846,LN-501836,CUST-107497,2025-04-28,898.73,898.73,Scheduled,Debit Card,Posted,False,False,,2025-04-28,2025-05-04,True,False
PMT-9029878,LN-504329,CUST-102652,2025-04-28,225.76,225.76,Scheduled,ACH,Posted,False,False,,2025-04-28,2025-05-04,True,False
PMT-9030097,LN-505877,CUST-107617,2025-05-01,500.96,500.96,Scheduled,Debit Card,Posted,False,False,,2025-05-01,2025-05-04,True,False
PMT-9030510,LN-502628,CUST-101080,2025-05-02,321.54,321.54,Scheduled,Debit Card,Posted,False,False,,2025-05-02,2025-05-04,True,False
PMT-9030913,LN-504463,CUST-103491,2025-05-04,2276.0,2276.0,Scheduled,Debit Card,Posted,False,False,,2025-05-04,2025-05-04,False,False
PMT-9030914,LN-500215,CUST-102880,2025-05-04,524.34,524.34,Scheduled,Debit Card,Posted,False,False,,2025-05-04,2025-05-04,False,False
PMT-9030915,LN-501824,CUST-107739,2025-05-04,216.28,216.28,Scheduled,Check,Posted,False,False,,2025-05-04,2025-05-04,False,False
PMT-9030916,LN-502187,CUST-103274,2025-05-04,364.36,364.36,Scheduled,ACH,Posted,False,False,,2025-05-04,2025-05-04,False,False
PMT-9030917,LN-508991,CUST-105512,2025-05-04,428.97,428.97,Scheduled,Check,Posted,False,False,,2025-05-04,2025-05-04,False,False
PMT-9030918,LN-500388,CUST-102278,2025-05-04,347.98,347.98,Scheduled,Debit Card,Posted,False,False,,2025-05-04,2025-05-04,False,False
PMT-9030919,LN-506360,CUST-100124,2025-05-04,996.06,996.06,Scheduled,ACH,Posted,False,False,,2025-05-04,2025-05-04,False,False
PMT-9030920,LN-502923,CUST-104315,2025-05-04,288.12,288.12,Scheduled,Check,Posted,False,False,,2025-05-04,2025-05-04,False,False
PMT-9030921,LN-502301,CUST-103710,2025-05-04,167.17,167.17,Scheduled,ACH,Posted,False,False,,2025-05-04,2025-05-04,False,False
PMT-9030922,LN-504948,CUST-106272,2025-05-04,709.42,709.42,Scheduled,Debit Card,Posted,False,False,,2025-05-04,2025-05-04,False,False
PMT-9030923,LN-502484,CUST-102622,2025-05-04,1735.52,433.88,Scheduled,ACH,Posted,False,False,,2025-05-04,2025-05-04,False,False
PMT-9030924,LN-508347,CUST-100040,2025-05-04,499.89,499.89,Scheduled,Check,Posted,False,False,,2025-05-04,2025-05-04,False,False
PMT-9030925,LN-508743,CUST-107688,2025-05-04,328.86,328.86,Scheduled,ACH,Posted,False,False,,2025-05-04,2025-05-04,False,False
PMT-9030926,LN-504952,CUST-107201,2025-05-04,781.55,781.55,Scheduled,ACH,Posted,False,False,,2025-05-04,2025-05-04,False,False
PMT-9030927,LN-508311,CUST-106824,2025-05-04,336.5,336.5,Scheduled,Check,Posted,False,False,,2025-05-04,2025-05-04,False,False
PMT-9030928,LN-508017,CUST-100644,2025-05-04,632.21,632.21,Scheduled,ACH,Posted,False,False,,2025-05-04,2025-05-04,False,False
PMT-9030929,LN-501707,CUST-100630,2025-05-04,230.55,230.55,Scheduled,ACH,Posted,False,False,,2025-05-04,2025-05-04,False,False
PMT-9030930,LN-506927,CUST-100479,2025-05-04,1161.76,1161.76,Scheduled,Debit Card,Posted,False,False,,2025-05-04,2025-05-04,False,False
PMT-9030931,LN-501793,CUST-105068,2025-05-04,557.71,557.71,Scheduled,ACH,Posted,False,False,,2025-05-04,2025-05-04,False,False
PMT-9030932,LN-505122,CUST-106806,2025-05-04,135.34,135.34,Scheduled,ACH,Posted,False,False,,2025-05-04,2025-05-04,False,False
PMT-9030933,LN-500454,CUST-107066,2025-05-04,155.46,155.46,Scheduled,ACH,Posted,False,False,,2025-05-04,2025-05-04,False,False
PMT-9030934,LN-502344,CUST-102807,2025-05-04,506.32,506.32,Scheduled,Debit Card,Posted,False,False,,2025-05-04,2025-05-04,False,False
PMT-9030935,LN-509097,CUST-102334,2025-05-04,133.09,133.09,Scheduled,ACH,Posted,False,False,,2025-05-04,2025-05-04,False,False
PMT-9030936,LN-506096,CUST-107194,2025-05-04,186.41,186.41,Scheduled,Check,Posted,False,False,,2025-05-04,2025-05-04,False,False
PMT-9030937,LN-506333,CUST-100309,2025-05-04,734.75,734.75,Scheduled,ACH,Returned,False,True,,2025-05-04,2025-05-04,False,False
PMT-9030938,LN-508058,CUST-104773,2025-05-04,339.57,339.57,Scheduled,ACH,Posted,False,False,,2025-05-04,2025-05-04,False,False
PMT-9030941,LN-501390,CUST-107529,2025-05-04,165.04,165.04,Scheduled,Debit Card,Posted,False,False,,2025-05-04,2025-05-04,False,False
PMT-9030942,LN-505258,CUST-100991,2025-05-04,828.6,828.6,Scheduled,Check,Posted,False,False,,2025-05-04,2025-05-04,False,False
PMT-9030943,LN-506340,CUST-103318,2025-05-04,935.0,935.0,Scheduled,ACH,Posted,False,False,,2025-05-04,2025-05-04,False,False
PMT-9030944,LN-509463,CUST-104159,2025-05-04,569.42,569.42,Scheduled,ACH,Posted,False,False,,2025-05-04,2025-05-04,False,False
PMT-9030945,LN-501391,CUST-101647,2025-05-04,1296.02,1296.02,Scheduled,ACH,Posted,False,False,,2025-05-04,2025-05-04,False,False
PMT-9030946,LN-500162,CUST-103245,2025-05-04,371.72,371.72,Scheduled,Check,Posted,False,False,,2025-05-04,2025-05-04,False,False
PMT-9030947,LN-505853,CUST-103096,2025-05-04,394.18,394.18,Scheduled,ACH,Posted,False,False,,2025-05-04,2025-05-04,False,False
PMT-9030948,LN-503590,CUST-104034,2025-05-04,360.89,360.89,Scheduled,ACH,Posted,False,False,,2025-05-04,2025-05-04,False,False
PMT-9030949,LN-506392,CUST-105347,2025-05-04,328.1,328.1,Scheduled,ACH,Posted,False,False,,2025-05-04,2025-05-04,False,False
PMT-9030950,LN-509431,CUST-101925,2025-05-04,304.3,304.3,Scheduled,Debit Card,Posted,False,False,,2025-05-04,2025-05-04,False,False
PMT-9030951,LN-508171,CUST-107777,2025-05-04,353.21,353.21,Scheduled,ACH,Posted,False,False,,2025-05-04,2025-05-04,False,False
PMT-9030952,LN-505036,CUST-101612,2025-05-04,1337.01,1337.01,Scheduled,Debit Card,Posted,False,False,,2025-05-04,2025-05-04,False,False
PMT-9030954,LN-501608,CUST-104447,2025-05-04,517.85,517.85,Scheduled,Check,Posted,False,False,,2025-05-04,2025-05-04,False,False
PMT-9030955,LN-504449,CUST-102909,2025-05-04,1246.57,1246.57,Scheduled,ACH,Posted,False,False,,2025-05-04,2025-05-04,False,False
PMT-9030956,LN-500760,CUST-105283,2025-05-04,288.32,288.32,Scheduled,ACH,Posted,False,False,,2025-05-04,2025-05-04,False,False
PMT-9030958,LN-505137,CUST-100029,2025-05-04,202.8,202.8,Scheduled,ACH,Posted,False,False,,2025-05-04,2025-05-04,False,False
PMT-9030959,LN-507016,CUST-107255,2025-05-04,988.29,988.29,Scheduled,ACH,Posted,False,False,,2025-05-04,2025-05-04,False,False
PMT-9030960,LN-507864,CUST-106520,2025-05-04,1013.55,1013.55,Scheduled,ACH,Posted,False,False,,2025-05-04,2025-05-04,False,False
PMT-9030961,LN-500886,CUST-100090,2025-05-04,740.61,740.61,Scheduled,ACH,Posted,False,False,,2025-05-04,2025-05-04,False,False
PMT-9030962,LN-500985,CUST-101112,2025-05-04,806.6,806.6,Scheduled,ACH,Posted,False,False,,2025-05-04,2025-05-04,False,False
PMT-9030964,LN-502197,CUST-102397,2025-05-04,65.38,65.38,Scheduled,Check,Posted,False,False,,2025-05-04,2025-05-04,False,False
PMT-9030965,LN-504112,CUST-103359,2025-05-04,514.15,514.15,Scheduled,ACH,Posted,False,False,,2025-05-04,2025-05-04,False,False
PMT-9030966,LN-501293,CUST-101056,2025-05-04,757.81,757.81,Scheduled,Debit Card,Posted,False,False,,2025-05-04,2025-05-04,False,False
PMT-9030967,LN-509058,CUST-106354,2025-05-04,251.78,0.0,Extra,Debit Card,Posted,False,False,,2025-05-04,2025-05-04,False,False
PMT-9030968,LN-507529,CUST-104119,2025-05-04,919.54,919.54,Scheduled,ACH,Posted,False,False,,2025-05-04,2025-05-04,False,False
PMT-9030969,LN-501393,CUST-105393,2025-05-04,924.22,924.22,Scheduled,Cash,Posted,False,False,,2025-05-04,2025-05-04,False,False
PMT-9030970,LN-502917,CUST-107882,2025-05-04,732.59,732.59,Scheduled,Cash,Posted,False,False,,2025-05-04,2025-05-04,False,False
PMT-9030971,LN-507866,CUST-101549,2025-05-04,465.32,465.32,Scheduled,Debit Card,Posted,False,False,,2025-05-04,2025-05-04,False,False
PMT-9030972,LN-506376,CUST-102670,2025-05-04,596.13,596.13,Scheduled,ACH,Posted,False,False,,2025-05-04,2025-05-04,False,False
PMT-9030973,LN-508365,CUST-106717,2025-05-04,385.74,0.0,Extra,Debit Card,Posted,False,False,,2025-05-04,2025-05-04,False,False
PMT-9030974,LN-507138,CUST-100509,2025-05-04,1191.84,1191.84,Scheduled,Check,Posted,False,False,,2025-05-04,2025-05-04,False,False
PMT-9030975,LN-506377,CUST-103940,2025-05-04,928.44,928.44,Scheduled,ACH,Posted,False,False,,2025-05-04,2025-05-04,False,False
PMT-9030976,LN-509824,CUST-107796,2025-05-04,798.0,798.0,Scheduled,Debit Card,Posted,False,False,,2025-05-04,2025-05-04,False,False
PMT-9030977,LN-506820,CUST-100137,2025-05-04,32.96,0.0,Extra,Debit Card,Posted,False,False,,2025-05-04,2025-05-04,False,False
PMT-9030978,LN-500401,CUST-100371,2025-05-04,271.76,271.76,Scheduled,ACH,Posted,False,False,,2025-05-04,2025-05-04,False,False
PMT-9030979,LN-507019,CUST-103560,2025-05-04,995.42,995.42,Scheduled,ACH,Posted,False,False,,2025-05-04,2025-05-04,False,False
PMT-9030980,LN-502073,CUST-106619,2025-05-04,224.89,224.89,Scheduled,ACH,Posted,False,False,,2025-05-04,2025-05-04,False,False
PMT-9030981,LN-502191,CUST-105854,2025-05-04,799.57,799.57,Scheduled,ACH,Posted,False,False,,2025-05-04,2025-05-04,False,False
PMT-9030982,LN-504705,CUST-102492,2025-05-04,775.52,775.52,Scheduled,Check,Posted,False,False,,2025-05-04,2025-05-04,False,False
PMT-9030983,LN-506383,CUST-106293,2025-05-04,770.21,770.21,Scheduled,Debit Card,Posted,False,False,,2025-05-04,2025-05-04,False,False
PMT-9030984,LN-505840,CUST-102281,2025-05-04,678.28,678.28,Scheduled,ACH,Posted,False,False,,2025-05-04,2025-05-04,False,False
PMT-9030985,LN-503081,CUST-107071,2025-05-04,953.57,953.57,Scheduled,Check,Posted,False,False,,2025-05-04,2025-05-04,False,False
PMT-9030986,LN-506386,CUST-104953,2025-05-04,1290.53,1290.53,Scheduled,Check,Posted,False,False,,2025-05-04,2025-05-04,False,False
PMT-9030987,LN-500160,CUST-107095,2025-05-04,549.6,549.6,Scheduled,ACH,Posted,False,False,,2025-05-04,2025-05-04,False,False
PMT-9030988,LN-502763,CUST-107611,2025-05-04,459.22,459.22,Scheduled,ACH,Posted,False,False,,2025-05-04,2025-05-04,False,False
PMT-9030989,LN-508652,CUST-104891,2025-05-04,493.7,493.7,Scheduled,Cash,Posted,False,False,,2025-05-04,2025-05-04,False,False
PMT-9030990,LN-508423,CUST-102980,2025-05-04,129.98,129.98,Scheduled,Check,Posted,False,False,,2025-05-04,2025-05-04,False,False
PMT-9030991,LN-502329,CUST-104645,2025-05-04,1027.15,1027.15,Scheduled,ACH,Posted,False,False,,2025-05-04,2025-05-04,False,False
PMT-9030992,LN-507510,CUST-102103,2025-05-04,923.79,923.79,Scheduled,Debit Card,Posted,False,False,,2025-05-04,2025-05-04,False,False
PMT-9030993,LN-506891,CUST-102381,2025-05-04,547.73,547.73,Scheduled,ACH,Posted,False,False,,2025-05-04,2025-05-04,False,False
PMT-9030994,LN-501809,CUST-101746,2025-05-04,857.06,857.06,Scheduled,ACH,Posted,False,False,,2025-05-04,2025-05-04,False,False
PMT-9030995,LN-502843,CUST-102780,2025-05-04,1126.17,1126.17,Scheduled,Debit Card,Posted,False,False,,2025-05-04,2025-05-04,False,False
PMT-9030996,LN-509710,CUST-103918,2025-05-04,474.58,474.58,Scheduled,ACH,Posted,False,False,,2025-05-04,2025-05-04,False,False
PMT-9030997,LN-504631,CUST-103104,2025-05-04,92.69,92.69,Scheduled,ACH,Posted,False,False,,2025-05-04,2025-05-04,False,False
PMT-9030998,LN-502987,CUST-106714,2025-05-04,3942.0,1314.0,Scheduled,Cash,Posted,False,False,,2025-05-04,2025-05-04,False,False
PMT-9030999,LN-500236,CUST-105684,2025-05-04,240.09,240.09,Scheduled,Debit Card,Posted,False,False,,2025-05-04,2025-05-04,False,False
PMT-9031000,LN-508455,CUST-100327,2025-05-04,712.31,712.31,Scheduled,ACH,Posted,False,False,,2025-05-04,2025-05-04,False,False
PMT-9031001,LN-506233,CUST-100528,2025-05-04,1172.46,1172.46,Scheduled,Cash,Posted,False,False,,2025-05-04,2025-05-04,False,False
PMT-9031002,LN-503415,CUST-107327,2025-05-04,140.75,140.75,Scheduled,Check,Posted,False,False,,2025-05-04,2025-05-04,False,False
PMT-9031003,LN-500858,CUST-107963,2025-05-04,748.19,748.19,Scheduled,Debit Card,Posted,False,False,,2025-05-04,2025-05-04,False,False
PMT-9031004,LN-501419,CUST-100931,2025-05-04,375.97,375.97,Scheduled,ACH,Posted,False,False,,2025-05-04,2025-05-04,False,False
PMT-9031005,LN-502833,CUST-101883,2025-05-04,1336.68,1336.68,Scheduled,ACH,Posted,False,False,,2025-05-04,2025-05-04,False,False
PMT-9031006,LN-502357,CUST-106274,2025-05-04,417.1,417.1,Scheduled,Debit Card,Posted,False,False,,2025-05-04,2025-05-04,False,False
PMT-9031007,LN-500196,CUST-103844,2025-05-04,1360.29,1360.29,Scheduled,Debit Card,Posted,False,False,,2025-05-04,2025-05-04,False,False
PMT-9031008,LN-506888,CUST-103453,2025-05-04,1422.55,1422.55,Scheduled,ACH,Posted,False,False,,2025-05-04,2025-05-04,False,False
PMT-9031010,LN-500182,CUST-101885,2025-05-04,836.83,836.83,Scheduled,ACH,Posted,False,False,,2025-05-04,2025-05-04,False,False
PMT-9031011,LN-504526,CUST-101134,2025-05-04,497.98,497.98,Scheduled,ACH,Posted,False,False,,2025-05-04,2025-05-04,False,False
PMT-9031012,LN-506260,CUST-107440,2025-05-04,958.8,958.8,Scheduled,ACH,Posted,False,False,,2025-05-04,2025-05-04,False,False
PMT-9031013,LN-504060,CUST-101260,2025-05-04,93.61,93.61,Scheduled,ACH,Posted,False,False,,2025-05-04,2025-05-04,False,False
PMT-9031014,LN-508005,CUST-103151,2025-05-04,472.45,472.45,Scheduled,Debit Card,Posted,False,False,,2025-05-04,2025-05-04,False,False
PMT-9031015,LN-509686,CUST-107007,2025-05-04,483.79,483.79,Scheduled,Debit Card,Posted,False,False,,2025-05-04,2025-05-04,False,False
PMT-9031016,LN-503865,CUST-105212,2025-05-04,503.69,503.69,Scheduled,ACH,Posted,False,False,,2025-05-04,2025-05-04,False,False
PMT-9031017,LN-502110,CUST-104476,2025-05-04,187.07,187.07,Scheduled,Check,Posted,False,False,,2025-05-04,2025-05-04,False,False
PMT-9031018,LN-508973,CUST-100266,2025-05-04,384.16,384.16,Scheduled,Debit Card,Posted,False,False,,2025-05-04,2025-05-04,False,False
PMT-9031019,LN-507469,CUST-100505,2025-05-04,715.41,715.41,Scheduled,ACH,Posted,False,False,,2025-05-04,2025-05-04,False,False
PMT-9031020,LN-504536,CUST-104225,2025-05-04,1020.53,1020.53,Scheduled,ACH,Posted,False,False,,2025-05-04,2025-05-04,False,False
PMT-9031021,LN-504979,CUST-100912,2025-05-04,390.82,0.0,Extra,Check,Posted,False,False,,2025-05-04,2025-05-04,False,False
PMT-9031022,LN-500531,CUST-107288,2025-05-04,957.71,957.71,Scheduled,ACH,Posted,False,False,,2025-05-04,2025-05-04,False,False
PMT-9031023,LN-508497,CUST-105702,2025-05-04,426.27,426.27,Scheduled,Debit Card,Posted,False,False,,2025-05-04,2025-05-04,False,False
PMT-9031024,LN-500844,CUST-107661,2025-05-04,798.71,798.71,Scheduled,ACH,Posted,False,False,,2025-05-04,2025-05-04,False,False
PMT-9031026,LN-500193,CUST-102684,2025-05-04,79.42,79.42,Scheduled,Cash,Posted,False,False,,2025-05-04,2025-05-04,False,False
PMT-9031027,LN-508305,CUST-102373,2025-05-04,347.77,347.77,Scheduled,Cash,Posted,False,False,,2025-05-04,2025-05-04,False,False
PMT-9031028,LN-508957,CUST-103766,2025-05-04,876.07,876.07,Scheduled,Debit Card,Posted,False,False,,2025-05-04,2025-05-04,False,False
PMT-9031029,LN-508010,CUST-107686,2025-05-04,778.17,778.17,Scheduled,Cash,Posted,False,False,,2025-05-04,2025-05-04,False,False
PMT-9031030,LN-506230,CUST-104631,2025-05-04,14328.03,30946.25,Settlement,ACH,Returned,False,True,,2025-05-04,2025-05-04,False,False
PMT-9031031,LN-505281,CUST-105070,2025-05-04,1189.44,1189.44,Scheduled,ACH,Posted,False,False,,2025-05-04,2025-05-04,False,False
PMT-9031032,LN-500527,CUST-102383,2025-05-04,172.69,172.69,Scheduled,Debit Card,Posted,False,False,,2025-05-04,2025-05-04,False,False
PMT-9031033,LN-500627,CUST-101586,2025-05-04,227.72,0.0,Extra,ACH,Posted,False,False,,2025-05-04,2025-05-04,False,False
PMT-9031034,LN-506261,CUST-107374,2025-05-04,463.04,463.04,Scheduled,Cash,Posted,False,False,,2025-05-04,2025-05-04,False,False
PMT-9031035,LN-509053,CUST-107432,2025-05-04,647.52,647.52,Scheduled,ACH,Posted,False,False,,2025-05-04,2025-05-04,False,False
PMT-9031036,LN-502998,CUST-103920,2025-05-04,848.71,848.71,Scheduled,ACH,Posted,False,False,,2025-05-04,2025-05-04,False,False
PMT-9031037,LN-506308,CUST-100123,2025-05-04,582.73,582.73,Scheduled,Debit Card,Posted,False,False,,2025-05-04,2025-05-04,False,False
PMT-9031038,LN-505921,CUST-105868,2025-05-04,1057.32,1057.32,Scheduled,Check,Posted,False,False,,2025-05-04,2025-05-04,False,False
PMT-9031039,LN-504488,CUST-106765,2025-05-04,750.85,750.85,Scheduled,Check,Posted,False,False,,2025-05-04,2025-05-04,False,False
PMT-9031040,LN-500254,CUST-102097,2025-05-04,1010.93,1010.93,Scheduled,ACH,Posted,False,False,,2025-05-04,2025-05-04,False,False
PMT-9031041,LN-509486,CUST-100490,2025-05-04,608.27,608.27,Scheduled,ACH,Posted,False,False,,2025-05-04,2025-05-04,False,False
PMT-9031042,LN-509776,CUST-103894,2025-05-04,1207.22,1207.22,Scheduled,ACH,Posted,False,False,,2025-05-04,2025-05-04,False,False
PMT-9031043,LN-508218,CUST-102411,2025-05-04,664.54,664.54,Scheduled,ACH,Posted,False,False,,2025-05-04,2025-05-04,False,False
PMT-9031044,LN-507445,CUST-103076,2025-05-04,2358.6,2358.6,Scheduled,Check,Posted,False,False,,2025-05-04,2025-05-04,False,False
PMT-9031045,LN-503444,CUST-103160,2025-05-04,887.18,887.18,Scheduled,ACH,Posted,False,False,,2025-05-04,2025-05-04,False,False
PMT-9031046,LN-503401,CUST-106998,2025-05-04,916.74,916.74,Scheduled,ACH,Posted,False,False,,2025-05-04,2025-05-04,False,False
PMT-9031047,LN-507036,CUST-105516,2025-05-04,810.61,810.61,Scheduled,ACH,Posted,False,False,,2025-05-04,2025-05-04,False,False
PMT-9031048,LN-501545,CUST-102191,2025-05-04,171.01,0.0,Extra,ACH,Posted,False,False,,2025-05-04,2025-05-04,False,False
PMT-9031049,LN-507062,CUST-101786,2025-05-04,325.74,325.74,Scheduled,ACH,Posted,False,False,,2025-05-04,2025-05-04,False,False
PMT-9031050,LN-505115,CUST-105939,2025-05-04,435.02,435.02,Scheduled,Check,Posted,False,False,,2025-05-04,2025-05-04,False,False
PMT-9031051,LN-506869,CUST-103885,2025-05-04,731.73,731.73,Scheduled,Debit Card,Posted,False,False,,2025-05-04,2025-05-04,False,False
PMT-9031052,LN-504597,CUST-103582,2025-05-04,733.86,733.86,Scheduled,Debit Card,Posted,False,False,,2025-05-04,2025-05-04,False,False
PMT-9031053,LN-501822,CUST-105486,2025-05-04,366.05,0.0,Extra,Debit Card,Posted,False,False,,2025-05-04,2025-05-04,False,False
PMT-9031054,LN-503827,CUST-107188,2025-05-04,678.1,678.1,Scheduled,Check,Posted,False,False,,2025-05-04,2025-05-04,False,False
PMT-9031055,LN-509655,CUST-102721,2025-05-04,644.93,644.93,Scheduled,Debit Card,Posted,False,False,,2025-05-04,2025-05-04,False,False
PMT-9031056,LN-505928,CUST-105137,2025-05-04,454.23,454.23,Scheduled,ACH,Posted,False,False,,2025-05-04,2025-05-04,False,False
PMT-9031057,LN-508204,CUST-101076,2025-05-04,867.63,867.63,Scheduled,ACH,Posted,False,False,,2025-05-04,2025-05-04,False,False
PMT-9031058,LN-500938,CUST-101083,2025-05-04,55.38,0.0,Extra,Check,Posted,False,False,,2025-05-04,2025-05-04,False,False
PMT-9031059,LN-507370,CUST-100241,2025-05-04,468.7,468.7,Scheduled,ACH,Posted,False,False,,2025-05-04,2025-05-04,False,False
PMT-9031060,LN-508702,CUST-104009,2025-05-04,366.28,366.28,Scheduled,ACH,Posted,False,False,,2025-05-04,2025-05-04,False,False
PMT-9031061,LN-509737,CUST-102793,2025-05-04,1182.75,1182.75,Scheduled,ACH,Posted,False,False,,2025-05-04,2025-05-04,False,False
PMT-9031062,LN-505992,CUST-106121,2025-05-04,396.14,0.0,Extra,Debit Card,Posted,False,False,,2025-05-04,2025-05-04,False,False
PMT-9031063,LN-505253,CUST-101373,2025-05-04,224.72,0.0,Extra,ACH,Posted,False,False,,2025-05-04,2025-05-04,False,False
PMT-9031064,LN-502427,CUST-105482,2025-05-04,147.01,0.0,Extra,Wire,Posted,False,False,,2025-05-04,2025-05-04,False,False
PMT-9031065,LN-503882,CUST-103887,2025-05-04,462.47,462.47,Scheduled,Debit Card,Posted,False,False,,2025-05-04,2025-05-04,False,False
PMT-9031067,LN-507827,CUST-101515,2025-05-04,290.53,290.53,Scheduled,ACH,Posted,False,False,,2025-05-04,2025-05-04,False,False
PMT-9031068,LN-502170,CUST-103605,2025-05-04,911.77,911.77,Scheduled,ACH,Posted,False,False,,2025-05-04,2025-05-04,False,False
PMT-9031069,LN-501183,CUST-104564,2025-05-04,113.92,113.92,Scheduled,ACH,Posted,False,False,,2025-05-04,2025-05-04,False,False
PMT-9031070,LN-504502,CUST-102089,2025-05-04,183.09,183.09,Scheduled,Check,Posted,False,False,,2025-05-04,2025-05-04,False,False
PMT-9031071,LN-505806,CUST-103350,2025-05-04,990.95,990.95,Scheduled,ACH,Posted,False,False,,2025-05-04,2025-05-04,False,False
PMT-9031072,LN-504657,CUST-104331,2025-05-04,233.27,233.27,Scheduled,Debit Card,Posted,False,False,,2025-05-04,2025-05-04,False,False
PMT-9031073,LN-500223,CUST-100203,2025-05-04,574.0,574.0,Scheduled,Debit Card,Posted,False,False,,2025-05-04,2025-05-04,False,False
PMT-9031074,LN-501526,CUST-105214,2025-05-04,902.96,902.96,Scheduled,Debit Card,Posted,False,False,,2025-05-04,2025-05-04,False,False
PMT-9031076,LN-505942,CUST-106775,2025-05-04,146.59,146.59,Scheduled,Wire,Posted,False,False,,2025-05-04,2025-05-04,False,False
PMT-9031077,LN-505936,CUST-105287,2025-05-04,439.47,439.47,Scheduled,ACH,Posted,False,False,,2025-05-04,2025-05-04,False,False
PMT-9031078,LN-509783,CUST-107557,2025-05-04,313.33,313.33,Scheduled,ACH,Posted,False,False,,2025-05-04,2025-05-04,False,False
PMT-9031079,LN-508298,CUST-100747,2025-05-04,789.09,789.09,Scheduled,ACH,Posted,False,False,,2025-05-04,2025-05-04,False,False
PMT-9031080,LN-507766,CUST-104694,2025-05-04,243.06,243.06,Scheduled,Debit Card,Posted,False,False,,2025-05-04,2025-05-04,False,False
PMT-9031081,LN-503339,CUST-104999,2025-05-04,311.95,311.95,Scheduled,Debit Card,Posted,False,False,,2025-05-04,2025-05-04,False,False
PMT-9031082,LN-500015,CUST-105329,2025-05-04,580.97,580.97,Scheduled,Wire,Posted,False,False,,2025-05-04,2025-05-04,False,False
PMT-9031083,LN-503179,CUST-106170,2025-05-04,45.91,45.91,Scheduled,ACH,Posted,False,False,,2025-05-04,2025-05-04,False,False
PMT-9031084,LN-509343,CUST-100457,2025-05-04,602.77,602.77,Scheduled,Debit Card,Posted,False,False,,2025-05-04,2025-05-04,False,False
PMT-9031085,LN-501043,CUST-105576,2025-05-04,637.71,637.71,Scheduled,Debit Card,Posted,False,False,,2025-05-04,2025-05-04,False,False
PMT-9031086,LN-507265,CUST-103255,2025-05-04,728.4,728.4,Scheduled,ACH,Posted,False,False,,2025-05-04,2025-05-04,False,False
PMT-9031087,LN-500637,CUST-106763,2025-05-04,1377.87,1377.87,Scheduled,ACH,Posted,False,False,,2025-05-04,2025-05-04,False,False
PMT-9031088,LN-501046,CUST-107054,2025-05-04,715.12,715.12,Scheduled,ACH,Posted,False,False,,2025-05-04,2025-05-04,False,False
PMT-9031089,LN-501111,CUST-107572,2025-05-04,196.56,196.56,Scheduled,ACH,Posted,False,False,,2025-05-04,2025-05-04,False,False
PMT-9031090,LN-508188,CUST-103823,2025-05-04,392.71,0.0,Extra,ACH,Posted,False,False,,2025-05-04,2025-05-04,False,False
PMT-9031091,LN-500697,CUST-105834,2025-05-04,107.42,107.42,Scheduled,Debit Card,Posted,False,False,,2025-05-04,2025-05-04,False,False
PMT-9031092,LN-500696,CUST-103469,2025-05-04,618.02,618.02,Scheduled,Wire,Posted,False,False,,2025-05-04,2025-05-04,False,False
PMT-9031093,LN-500600,CUST-104878,2025-05-04,307.94,307.94,Scheduled,Cash,Posted,False,False,,2025-05-04,2025-05-04,False,False
PMT-9031094,LN-500507,CUST-105515,2025-05-04,393.35,0.0,Extra,Debit Card,Posted,False,False,,2025-05-04,2025-05-04,False,False
PMT-9031095,LN-508838,CUST-103343,2025-05-04,375.55,375.55,Scheduled,Check,Posted,False,False,,2025-05-04,2025-05-04,False,False
PMT-9031096,LN-500690,CUST-107636,2025-05-04,752.06,752.06,Scheduled,Cash,Posted,False,False,,2025-05-04,2025-05-04,False,False
PMT-9031097,LN-508242,CUST-102424,2025-05-04,364.43,364.43,Scheduled,Debit Card,Posted,False,False,,2025-05-04,2025-05-04,False,False
PMT-9031098,LN-501315,CUST-105709,2025-05-04,969.28,969.28,Scheduled,Check,Posted,False,False,,2025-05-04,2025-05-04,False,False
PMT-9031099,LN-507203,CUST-104791,2025-05-04,806.08,806.08,Scheduled,Check,Posted,False,False,,2025-05-04,2025-05-04,False,False
PMT-9031100,LN-502683,CUST-102856,2025-05-04,1025.04,1025.04,Scheduled,ACH,Posted,False,False,,2025-05-04,2025-05-04,False,False
PMT-9031101,LN-506523,CUST-101117,2025-05-04,1054.58,1054.58,Scheduled,Check,Posted,False,False,,2025-05-04,2025-05-04,False,False
PMT-9031102,LN-504184,CUST-103451,2025-05-04,645.57,645.57,Scheduled,ACH,Posted,False,False,,2025-05-04,2025-05-04,False,False
PMT-9031103,LN-509355,CUST-104513,2025-05-04,388.74,388.74,Scheduled,ACH,Posted,False,False,,2025-05-04,2025-05-04,False,False
PMT-9031104,LN-505557,CUST-103330,2025-05-04,134.21,134.21,Scheduled,Debit Card,Posted,False,False,,2025-05-04,2025-05-04,False,False
PMT-9031105,LN-506515,CUST-101337,2025-05-04,826.6,826.6,Scheduled,ACH,Posted,False,False,,2025-05-04,2025-05-04,False,False
PMT-9031106,LN-507589,CUST-107935,2025-05-04,214.52,214.52,Scheduled,Check,Posted,False,False,,2025-05-04,2025-05-04,False,False
PMT-9031107,LN-502037,CUST-105102,2025-05-04,681.11,681.11,Scheduled,ACH,Posted,False,False,,2025-05-04,2025-05-04,False,False
PMT-9031108,LN-500482,CUST-105289,2025-05-04,352.82,352.82,Scheduled,ACH,Posted,False,False,,2025-05-04,2025-05-04,False,False
PMT-9031109,LN-502566,CUST-101431,2025-05-04,797.33,797.33,Scheduled,ACH,Posted,False,False,,2025-05-04,2025-05-04,False,False
PMT-9031110,LN-502406,CUST-107274,2025-05-04,537.78,537.78,Scheduled,ACH,Posted,False,False,,2025-05-04,2025-05-04,False,False
PMT-9031111,LN-505450,CUST-100613,2025-05-04,431.49,431.49,Scheduled,Wire,Posted,False,False,,2025-05-04,2025-05-04,False,False
PMT-9031112,LN-501921,CUST-100245,2025-05-04,437.56,437.56,Scheduled,Check,Posted,False,False,,2025-05-04,2025-05-04,False,False
PMT-9031113,LN-503377,CUST-100688,2025-05-04,214.76,0.0,Extra,ACH,Posted,False,False,,2025-05-04,2025-05-04,False,False
PMT-9031114,LN-503176,CUST-106574,2025-05-04,278.77,278.77,Scheduled,ACH,Posted,False,False,,2025-05-04,2025-05-04,False,False
PMT-9031115,LN-502589,CUST-106512,2025-05-04,345.8,345.8,Scheduled,ACH,Posted,False,False,,2025-05-04,2025-05-04,False,False
PMT-9031116,LN-507942,CUST-105571,2025-05-04,803.7,803.7,Scheduled,Cash,Posted,False,False,,2025-05-04,2025-05-04,False,False
PMT-9031117,LN-509347,CUST-101036,2025-05-04,1250.48,1250.48,Scheduled,Debit Card,Posted,False,False,,2025-05-04,2025-05-04,False,False
PMT-9031118,LN-501668,CUST-106915,2025-05-04,1000.05,1000.05,Scheduled,ACH,Posted,False,False,,2025-05-04,2025-05-04,False,False
PMT-9031119,LN-500601,CUST-101537,2025-05-04,353.32,353.32,Scheduled,ACH,Posted,False,False,,2025-05-04,2025-05-04,False,False
PMT-9031120,LN-500330,CUST-107172,2025-05-04,811.09,811.09,Scheduled,ACH,Posted,False,False,,2025-05-04,2025-05-04,False,False
PMT-9031121,LN-503745,CUST-101256,2025-05-04,278.82,278.82,Scheduled,ACH,Posted,False,False,,2025-05-04,2025-05-04,False,False
PMT-9031122,LN-509312,CUST-100615,2025-05-04,308.19,308.19,Scheduled,Check,Posted,False,False,,2025-05-04,2025-05-04,False,False
PMT-9031123,LN-501116,CUST-103562,2025-05-04,904.96,904.96,Scheduled,Debit Card,Posted,False,False,,2025-05-04,2025-05-04,False,False
PMT-9031124,LN-503233,CUST-102838,2025-05-04,63.07,63.07,Scheduled,Check,Posted,False,False,,2025-05-04,2025-05-04,False,False
PMT-9031125,LN-507790,CUST-107510,2025-05-04,551.01,551.01,Scheduled,ACH,Posted,False,False,,2025-05-04,2025-05-04,False,False
PMT-9031126,LN-500098,CUST-103528,2025-05-04,880.52,880.52,Scheduled,Debit Card,Posted,False,False,,2025-05-04,2025-05-04,False,False
PMT-9031127,LN-508256,CUST-107871,2025-05-04,300.31,300.31,Scheduled,ACH,Posted,False,False,,2025-05-04,2025-05-04,False,False
PMT-9031128,LN-500606,CUST-100096,2025-05-04,371.5,371.5,Scheduled,ACH,Posted,False,False,,2025-05-04,2025-05-04,False,False
PMT-9031129,LN-501171,CUST-104138,2025-05-04,113.8,0.0,Extra,ACH,Posted,False,False,,2025-05-04,2025-05-04,False,False
PMT-9031130,LN-502014,CUST-107930,2025-05-04,253.09,253.09,Scheduled,ACH,Posted,False,False,,2025-05-04,2025-05-04,False,False
PMT-9031132,LN-501863,CUST-101899,2025-05-04,379.77,379.77,Scheduled,ACH,Posted,False,False,,2025-05-04,2025-05-04,False,False
PMT-9031133,LN-501502,CUST-105137,2025-05-04,720.06,720.06,Scheduled,Debit Card,Posted,False,False,,2025-05-04,2025-05-04,False,False
PMT-9031134,LN-500612,CUST-105174,2025-05-04,1105.72,1105.72,Scheduled,Debit Card,Posted,False,False,,2025-05-04,2025-05-04,False,False
PMT-9031135,LN-501325,CUST-103146,2025-05-04,341.76,341.76,Scheduled,Wire,Posted,False,False,,2025-05-04,2025-05-04,False,False
PMT-9031136,LN-505568,CUST-105540,2025-05-04,745.09,745.09,Scheduled,Check,Posted,False,False,,2025-05-04,2025-05-04,False,False
PMT-9031137,LN-502242,CUST-107134,2025-05-04,90.05,90.05,Scheduled,ACH,Posted,False,False,,2025-05-04,2025-05-04,False,False
PMT-9031138,LN-507327,CUST-102304,2025-05-04,71.31,0.0,Extra,ACH,Posted,False,False,,2025-05-04,2025-05-04,False,False
PMT-9031140,LN-503767,CUST-101275,2025-05-04,42.6,0.0,Extra,ACH,Returned,False,True,,2025-05-04,2025-05-04,False,False
PMT-9031141,LN-507787,CUST-105099,2025-05-04,699.66,699.66,Scheduled,Check,Posted,False,False,,2025-05-04,2025-05-04,False,False
PMT-9031142,LN-507206,CUST-104599,2025-05-04,875.38,875.38,Scheduled,Debit Card,Posted,False,False,,2025-05-04,2025-05-04,False,False
PMT-9031143,LN-505523,CUST-107405,2025-05-04,239.38,239.38,Scheduled,Check,Posted,False,False,,2025-05-04,2025-05-04,False,False
PMT-9031144,LN-505632,CUST-105088,2025-05-04,274.04,274.04,Scheduled,ACH,Posted,False,False,,2025-05-04,2025-05-04,False,False
PMT-9031145,LN-508377,CUST-103714,2025-05-04,1091.99,1091.99,Scheduled,Wire,Posted,False,False,,2025-05-04,2025-05-04,False,False
PMT-9031146,LN-500603,CUST-105380,2025-05-04,376.97,376.97,Scheduled,Check,Posted,False,False,,2025-05-04,2025-05-04,False,False
PMT-9031147,LN-501495,CUST-103617,2025-05-04,386.36,386.36,Scheduled,Check,Posted,False,False,,2025-05-04,2025-05-04,False,False
PMT-9031148,LN-502422,CUST-103351,2025-05-04,703.13,703.13,Scheduled,ACH,Posted,False,False,,2025-05-04,2025-05-04,False,False
PMT-9031149,LN-507251,CUST-102056,2025-05-04,477.02,477.02,Scheduled,ACH,Posted,False,False,,2025-05-04,2025-05-04,False,False
PMT-9031150,LN-505000,CUST-104639,2025-05-04,214.74,214.74,Scheduled,ACH,Posted,False,False,,2025-05-04,2025-05-04,False,False
PMT-9031151,LN-508798,CUST-107085,2025-05-04,159.73,0.0,Extra,ACH,Posted,False,False,,2025-05-04,2025-05-04,False,False
PMT-9031152,LN-504058,CUST-105154,2025-05-04,118.29,0.0,Extra,ACH,Posted,False,False,,2025-05-04,2025-05-04,False,False
PMT-9031153,LN-504853,CUST-104198,2025-05-04,150.71,150.71,Scheduled,Check,Posted,False,False,,2025-05-04,2025-05-04,False,False
PMT-9031154,LN-502551,CUST-106553,2025-05-04,693.34,693.34,Scheduled,Check,Posted,False,False,,2025-05-04,2025-05-04,False,False
PMT-9031155,LN-504350,CUST-107166,2025-05-04,653.7,653.7,Scheduled,Check,Posted,False,False,,2025-05-04,2025-05-04,False,False
PMT-9031156,LN-501317,CUST-102203,2025-05-04,460.3,460.3,Scheduled,Debit Card,Posted,False,False,,2025-05-04,2025-05-04,False,False
PMT-9031157,LN-505009,CUST-107907,2025-05-04,755.98,755.98,Scheduled,Debit Card,Posted,False,False,,2025-05-04,2025-05-04,False,False
PMT-9031158,LN-501592,CUST-101548,2025-05-04,873.83,873.83,Scheduled,Debit Card,Posted,False,False,,2025-05-04,2025-05-04,False,False
PMT-9031159,LN-500332,CUST-102224,2025-05-04,852.78,852.78,Scheduled,Check,Posted,False,False,,2025-05-04,2025-05-04,False,False
PMT-9031160,LN-506670,CUST-101026,2025-05-04,717.1,717.1,Scheduled,ACH,Posted,False,False,,2025-05-04,2025-05-04,False,False
PMT-9031161,LN-503152,CUST-104090,2025-05-04,381.66,0.0,Extra,Check,Posted,False,False,,2025-05-04,2025-05-04,False,False
PMT-9031162,LN-503946,CUST-104443,2025-05-04,618.03,618.03,Scheduled,ACH,Posted,False,False,,2025-05-04,2025-05-04,False,False
PMT-9031163,LN-507855,CUST-104500,2025-05-04,655.67,655.67,Scheduled,ACH,Posted,False,False,,2025-05-04,2025-05-04,False,False
PMT-9031164,LN-509409,CUST-104541,2025-05-04,1323.1,1323.1,Scheduled,ACH,Posted,False,False,,2025-05-04,2025-05-04,False,False
PMT-9031165,LN-505782,CUST-100425,2025-05-04,797.31,797.31,Scheduled,Check,Posted,False,False,,2025-05-04,2025-05-04,False,False
PMT-9031166,LN-503120,CUST-101378,2025-05-04,512.52,512.52,Scheduled,ACH,Posted,False,False,,2025-05-04,2025-05-04,False,False
PMT-9031167,LN-508486,CUST-104120,2025-05-04,137.02,137.02,Scheduled,ACH,Posted,False,False,,2025-05-04,2025-05-04,False,False
PMT-9031168,LN-501743,CUST-100346,2025-05-04,155.42,155.42,Scheduled,ACH,Posted,False,False,,2025-05-04,2025-05-04,False,False
PMT-9031169,LN-502736,CUST-102311,2025-05-04,987.99,987.99,Scheduled,ACH,Posted,False,False,,2025-05-04,2025-05-04,False,False
PMT-9031170,LN-505779,CUST-104937,2025-05-04,992.87,992.87,Scheduled,ACH,Posted,False,False,,2025-05-04,2025-05-04,False,False
PMT-9031171,LN-509404,CUST-106076,2025-05-04,1627.67,1627.67,Scheduled,Debit Card,Posted,False,False,,2025-05-04,2025-05-04,False,False
PMT-9031172,LN-501606,CUST-101632,2025-05-04,648.13,648.13,Scheduled,ACH,Posted,False,False,,2025-05-04,2025-05-04,False,False
PMT-9031173,LN-508634,CUST-100373,2025-05-04,463.32,463.32,Scheduled,ACH,Posted,False,False,,2025-05-04,2025-05-04,False,False
PMT-9031174,LN-506450,CUST-100681,2025-05-04,286.39,286.39,Scheduled,ACH,Posted,False,False,,2025-05-04,2025-05-04,False,False
PMT-9031175,LN-507121,CUST-104325,2025-05-04,267.44,267.44,Scheduled,ACH,Posted,False,False,,2025-05-04,2025-05-04,False,False
PMT-9031176,LN-501833,CUST-100697,2025-05-04,713.45,713.45,Scheduled,ACH,Posted,False,False,,2025-05-04,2025-05-04,False,False
PMT-9031177,LN-509230,CUST-107245,2025-05-04,542.97,542.97,Scheduled,ACH,Posted,False,False,,2025-05-04,2025-05-04,False,False
PMT-9031178,LN-501766,CUST-102665,2025-05-04,843.05,843.05,Scheduled,Debit Card,Posted,False,False,,2025-05-04,2025-05-04,False,False
PMT-9031179,LN-509392,CUST-105742,2025-05-04,250.68,250.68,Scheduled,ACH,Posted,False,False,,2025-05-04,2025-05-04,False,False
PMT-9031180,LN-505028,CUST-107254,2025-05-04,350.05,350.05,Scheduled,ACH,Posted,False,False,,2025-05-04,2025-05-04,False,False
PMT-9031181,LN-508293,CUST-107474,2025-05-04,126.91,0.0,Extra,ACH,Posted,False,False,,2025-05-04,2025-05-04,False,False
PMT-9031182,LN-507884,CUST-104436,2025-05-04,299.32,299.32,Scheduled,Debit Card,Posted,False,False,,2025-05-04,2025-05-04,False,False
PMT-9031183,LN-507558,CUST-104226,2025-05-04,873.62,873.62,Scheduled,Debit Card,Posted,False,False,,2025-05-04,2025-05-04,False,False
PMT-9031185,LN-501580,CUST-105018,2025-05-04,221.49,0.0,Extra,Check,Posted,False,False,,2025-05-04,2025-05-04,False,False
PMT-9031186,LN-506825,CUST-104892,2025-05-04,710.67,710.67,Scheduled,Check,Posted,False,False,,2025-05-04,2025-05-04,False,False
PMT-9031187,LN-508206,CUST-102241,2025-05-04,293.62,293.62,Scheduled,Check,Posted,False,False,,2025-05-04,2025-05-04,False,False
PMT-9031188,LN-508946,CUST-106888,2025-05-04,304.78,304.78,Scheduled,Debit Card,Posted,False,False,,2025-05-04,2025-05-04,False,False
PMT-9031189,LN-500862,CUST-105111,2025-05-04,346.25,0.0,Extra,Check,Posted,False,False,,2025-05-04,2025-05-04,False,False
PMT-9031190,LN-507227,CUST-105115,2025-05-04,1091.34,1091.34,Scheduled,ACH,Posted,False,False,,2025-05-04,2025-05-04,False,False
PMT-9031191,LN-505023,CUST-100128,2025-05-04,106.49,0.0,Extra,Wire,Posted,False,False,,2025-05-04,2025-05-04,False,False
PMT-9031192,LN-507724,CUST-102199,2025-05-04,1902.01,1902.01,Scheduled,ACH,Posted,False,False,,2025-05-04,2025-05-04,False,False
PMT-9031193,LN-503538,CUST-105048,2025-05-04,28.65,0.0,Extra,ACH,Posted,False,False,,2025-05-04,2025-05-04,False,False
PMT-9031194,LN-506823,CUST-102458,2025-05-04,788.67,788.67,Scheduled,ACH,Posted,False,False,,2025-05-04,2025-05-04,False,False
PMT-9031195,LN-503108,CUST-105388,2025-05-04,583.26,583.26,Scheduled,Check,Posted,False,False,,2025-05-04,2025-05-04,False,False
PMT-9031196,LN-508640,CUST-106926,2025-05-04,727.16,727.16,Scheduled,ACH,Posted,False,False,,2025-05-04,2025-05-04,False,False
PMT-9031197,LN-504099,CUST-104861,2025-05-04,769.16,769.16,Scheduled,ACH,Posted,False,False,,2025-05-04,2025-05-04,False,False
PMT-9031198,LN-503109,CUST-103262,2025-05-04,731.92,731.92,Scheduled,Cash,Posted,False,False,,2025-05-04,2025-05-04,False,False
PMT-9031199,LN-500283,CUST-102743,2025-05-04,108.27,108.27,Scheduled,Debit Card,Posted,False,False,,2025-05-04,2025-05-04,False,False
PMT-9031200,LN-503742,CUST-102311,2025-05-04,414.28,414.28,Scheduled,ACH,Posted,False,False,,2025-05-04,2025-05-04,False,False
PMT-9031201,LN-505786,CUST-100072,2025-05-04,694.93,694.93,Scheduled,Check,Posted,False,False,,2025-05-04,2025-05-04,False,False
PMT-9031202,LN-502741,CUST-103501,2025-05-04,272.02,272.02,Scheduled,Check,Posted,False,False,,2025-05-04,2025-05-04,False,False
PMT-9031203,LN-506633,CUST-105247,2025-05-04,1239.18,1239.18,Scheduled,Debit Card,Posted,False,False,,2025-05-04,2025-05-04,False,False
PMT-9031204,LN-506791,CUST-105668,2025-05-04,243.01,0.0,Extra,Debit Card,Posted,False,False,,2025-05-04,2025-05-04,False,False
PMT-9031205,LN-509148,CUST-101313,2025-05-04,713.69,713.69,Scheduled,ACH,Posted,False,False,,2025-05-04,2025-05-04,False,False
PMT-9031206,LN-501020,CUST-107306,2025-05-04,166.74,166.74,Scheduled,ACH,Returned,False,True,,2025-05-04,2025-05-04,False,False
PMT-9031207,LN-501499,CUST-105211,2025-05-04,1006.3,1006.3,Scheduled,ACH,Posted,False,False,,2025-05-04,2025-05-04,False,False
PMT-9031208,LN-506788,CUST-107173,2025-05-04,711.43,711.43,Scheduled,Check,Posted,False,False,,2025-05-04,2025-05-04,False,False
PMT-9031210,LN-501579,CUST-102171,2025-05-04,526.46,526.46,Scheduled,Debit Card,Posted,False,False,,2025-05-04,2025-05-04,False,False
PMT-9031211,LN-509154,CUST-107704,2025-05-04,885.48,885.48,Scheduled,Debit Card,Posted,False,False,,2025-05-04,2025-05-04,False,False
PMT-9031212,LN-506489,CUST-104008,2025-05-04,382.37,382.37,Scheduled,Wire,Posted,False,False,,2025-05-04,2025-05-04,False,False
PMT-9031213,LN-500578,CUST-103676,2025-05-04,1260.16,1260.16,Scheduled,ACH,Posted,False,False,,2025-05-04,2025-05-04,False,False
PMT-9031214,LN-501024,CUST-104982,2025-05-04,850.53,850.53,Scheduled,Debit Card,Posted,False,False,,2025-05-04,2025-05-04,False,False
PMT-9031215,LN-501973,CUST-100366,2025-05-04,243.19,243.19,Scheduled,Check,Posted,False,False,,2025-05-04,2025-05-04,False,False
PMT-9031216,LN-500133,CUST-104975,2025-05-04,862.34,862.34,Scheduled,Check,Posted,False,False,,2025-05-04,2025-05-04,False,False
PMT-9031217,LN-508529,CUST-106412,2025-05-04,715.26,715.26,Scheduled,Cash,Posted,False,False,,2025-05-04,2025-05-04,False,False
PMT-9031218,LN-504025,CUST-103820,2025-05-04,681.25,681.25,Scheduled,ACH,Posted,False,False,,2025-05-04,2025-05-04,False,False
PMT-9031219,LN-500717,CUST-105901,2025-05-04,814.41,814.41,Scheduled,Check,Posted,False,False,,2025-05-04,2025-05-04,False,False
PMT-9031220,LN-504265,CUST-107662,2025-05-04,1034.17,1034.17,Scheduled,Cash,Posted,False,False,,2025-05-04,2025-05-04,False,False
PMT-9031221,LN-505475,CUST-101656,2025-05-04,525.28,525.28,Scheduled,Cash,Posted,False,False,,2025-05-04,2025-05-04,False,False
PMT-9031222,LN-500065,CUST-102639,2025-05-04,228.9,228.9,Scheduled,Check,Posted,False,False,,2025-05-04,2025-05-04,False,False
PMT-9031223,LN-505482,CUST-104488,2025-05-04,658.87,658.87,Scheduled,ACH,Posted,False,False,,2025-05-04,2025-05-04,False,False
PMT-9031224,LN-501514,CUST-105140,2025-05-04,242.41,242.41,Scheduled,Wire,Posted,False,False,,2025-05-04,2025-05-04,False,False
PMT-9031225,LN-509903,CUST-104137,2025-05-04,464.77,464.77,Scheduled,ACH,Posted,False,False,,2025-05-04,2025-05-04,False,False
PMT-9031226,LN-503730,CUST-102366,2025-05-04,480.3,480.3,Scheduled,Check,Posted,False,False,,2025-05-04,2025-05-04,False,False
PMT-9031227,LN-505374,CUST-100317,2025-05-04,427.79,427.79,Scheduled,Check,Posted,False,False,,2025-05-04,2025-05-04,False,False
PMT-9031228,LN-509294,CUST-103873,2025-05-04,342.33,0.0,Extra,ACH,Posted,False,False,,2025-05-04,2025-05-04,False,False
PMT-9031229,LN-505744,CUST-105924,2025-05-04,1336.25,1336.25,Scheduled,ACH,Posted,False,False,,2025-05-04,2025-05-04,False,False
PMT-9031230,LN-500492,CUST-107284,2025-05-04,220.19,220.19,Scheduled,ACH,Posted,False,False,,2025-05-04,2025-05-04,False,False
PMT-9031231,LN-502714,CUST-100640,2025-05-04,115.94,115.94,Scheduled,Check,Posted,False,False,,2025-05-04,2025-05-04,False,False
PMT-9031232,LN-505454,CUST-100402,2025-05-04,1143.51,1143.51,Scheduled,ACH,Posted,False,False,,2025-05-04,2025-05-04,False,False
PMT-9031233,LN-503726,CUST-107523,2025-05-04,477.76,477.76,Scheduled,ACH,Posted,False,False,,2025-05-04,2025-05-04,False,False
PMT-9031234,LN-500419,CUST-102745,2025-05-04,463.46,463.46,Scheduled,Debit Card,Posted,False,False,,2025-05-04,2025-05-04,False,False
PMT-9031235,LN-509161,CUST-105049,2025-05-04,73.48,0.0,Extra,Wire,Posted,False,False,,2025-05-04,2025-05-04,False,False
PMT-9031236,LN-501457,CUST-102873,2025-05-04,1128.0,1128.0,Scheduled,Debit Card,Posted,False,False,,2025-05-04,2025-05-04,False,False
PMT-9031237,LN-500471,CUST-102483,2025-05-04,482.44,482.44,Scheduled,ACH,Posted,False,False,,2025-05-04,2025-05-04,False,False
PMT-9031238,LN-506727,CUST-104718,2025-05-04,797.44,797.44,Scheduled,Wire,Posted,False,False,,2025-05-04,2025-05-04,False,False
PMT-9031239,LN-506456,CUST-103213,2025-05-04,156.69,0.0,Extra,ACH,Posted,False,False,,2025-05-04,2025-05-04,False,False
PMT-9031240,LN-501673,CUST-106790,2025-05-04,3126.93,1042.31,Scheduled,Check,Posted,False,False,,2025-05-04,2025-05-04,False,False
PMT-9031241,LN-500577,CUST-102455,2025-05-04,89.0,89.0,Scheduled,Debit Card,Posted,False,False,,2025-05-04,2025-05-04,False,False
PMT-9031242,LN-500138,CUST-106409,2025-05-04,232.98,232.98,Scheduled,ACH,Posted,False,False,,2025-05-04,2025-05-04,False,False
PMT-9031243,LN-500610,CUST-102453,2025-05-04,888.24,888.24,Scheduled,Wire,Posted,False,False,,2025-05-04,2025-05-04,False,False
PMT-9030396-REV,LN-503751,CUST-102671,2025-05-04,-798.92,798.92,Scheduled,Debit Card,Reversed,True,False,PMT-9030396,2025-05-04,2025-05-04,False,False
PMT-9030022-REV,LN-502107,CUST-103064,2025-05-04,-525.56,525.56,Scheduled,Debit Card,Reversed,True,False,PMT-9030022,2025-05-04,2025-05-04,False,False
PMT-9030833-REV,LN-508658,CUST-106021,2025-05-04,-653.01,653.01,Scheduled,Check,Reversed,True,False,PMT-9030833,2025-05-04,2025-05-04,False,False
PMT-9030790-REV,LN-506379,CUST-101018,2025-05-04,-244.78,244.78,Scheduled,Debit Card,Reversed,True,False,PMT-9030790,2025-05-04,2025-05-04,False,False
PMT-9030690-REV,LN-508086,CUST-104811,2025-05-04,-298.32,298.32,Scheduled,ACH,Reversed,True,False,PMT-9030690,2025-05-04,2025-05-04,False,False
PMT-9030738-REV,LN-507239,CUST-103599,2025-05-04,-496.03,496.03,Scheduled,ACH,Reversed,True,False,PMT-9030738,2025-05-04,2025-05-04,False,False
PMT-9030200-REV,LN-507148,CUST-107362,2025-05-04,-298.17,298.17,Scheduled,ACH,Reversed,True,False,PMT-9030200,2025-05-04,2025-05-04,False,False
PMT-9031223,LN-505482,CUST-104488,2025-05-04,658.87,658.87,Scheduled,ACH,Posted,False,False,,2025-05-04,2025-05-04,False,False
PMT-9030968,LN-507529,CUST-104119,2025-05-04,919.54,919.54,Scheduled,ACH,Posted,False,False,,2025-05-04,2025-05-04,False,False
PMT-9030944,LN-509463,CUST-104159,2025-05-04,569.42,569.42,Scheduled,ACH,Posted,False,False,,2025-05-04,2025-05-04,False,False
